Player,Apps,Mins,Tackles,Inter,Fouls,Offsides,Clear,Drb,Blocks,OwnG,Rating
Mohamed Touré,2(1),170,-,0.3,0.3,-,0.3,-,-,-,7.78
Divine Mukasa,2(1),167,1.3,-,1.3,-,0.3,0.3,-,-,7.67
Eiran Cashin,7,630,4.6,1.9,1.4,-,6.1,1.1,1,1,7.58
Jonathan Panzo,1,90,2,2,1,1,14,-,1,-,7.53
Bilal El Khannouss,2,136,1,1.5,-,-,-,1,-,-,7.52
Ebou Adams,7(1),658,3.1,1,1.4,-,2.8,1,0.5,-,7.34
Lloyd Jones,33,2920,0.9,1.4,1.4,0.4,10.2,0.2,1.3,-,7.3
Femi Azeez,20(2),1685,1.4,0.4,1.5,-,0.7,0.5,0.2,-,7.26
Kai Wagner,8,701,2.3,1.1,0.9,-,2.9,0.3,0.1,-,7.26
Lyndon Dykes,7(1),667,0.9,0.3,1.3,-,2.4,0.1,0.4,-,7.24
Imrân Louza,29,2510,1.4,1,1.2,-,0.7,0.9,0.3,-,7.22
Caleb Taylor,18(4),1703,1.1,1.8,0.5,0.3,5.5,0.5,0.6,-,7.21
Léo Scienza,23(4),1795,0.6,0.1,0.4,-,0.4,0.4,-,-,7.21
Christoph Klarer,30,2700,1,1.5,0.9,0.8,7.5,0.3,0.4,-,7.2
Oliver McBurnie,19(4),1723,0.9,0.3,1.3,-,2,0.4,0.3,-,7.19
Torbjørn Heggem,1,90,-,2,-,-,12,1,-,-,7.19
Carlton Morris,16(2),1379,0.7,-,1.1,-,1.6,0.1,0.2,-,7.19
Adilson Malanda,8,715,1,1,0.5,0.4,5.5,0.1,1.3,-,7.19
Bobby Thomas,26,2302,1,0.9,0.9,1.2,5.9,0.5,0.8,1,7.18
Charlie Hughes,28(1),2565,1.3,1,1,0.6,7.8,0.2,1.8,-,7.17
Finn Azaz,1(1),93,0.5,1,-,-,0.5,-,-,-,7.17
Rob Atkinson,22(2),1807,1.5,1.1,0.2,0.5,5.3,0.3,0.5,-,7.16
Anis Ben Slimane,7(2),580,1.9,0.7,0.8,-,0.2,0.4,0.1,-,7.16
Jimmy Dunne,31,2762,1.4,0.8,0.8,0.3,6.4,0.5,0.7,-,7.15
Tristan Crama,33,2937,1.9,1.5,1.3,0.3,5.7,0.6,0.6,-,7.14
Frank Onyeka,2,161,2,1.5,2,-,2.5,0.5,1.5,-,7.14
Kieffer Moore,27(3),2341,0.5,0.2,1.5,-,1.7,0.4,0.1,-,7.13
Ciaron Brown,24,2151,0.9,1.5,0.5,0.6,8.8,0.2,1,-,7.13
Jannik Vestergaard,24,2133,1.5,0.9,0.5,0.7,8.5,0.3,0.5,-,7.13
Taylor Harwood-Bellis,28,2520,0.9,0.9,0.9,0.4,7.8,0.3,0.8,1,7.13
Victor Torp,22(5),1926,1,0.8,0.9,-,1,0.6,0.3,-,7.12
Joe Gelhardt,22(3),1864,1.2,0.5,0.7,-,0.6,0.8,-,-,7.12
Jake Cooper,32,2880,0.9,0.8,1.2,0.4,7.6,0.3,0.7,1,7.11
Sean McLoughlin,31,2741,1.5,1.8,0.6,0.5,7.3,0.5,0.9,-,7.1
Sam McCallum,15(5),1210,1.3,1.4,0.3,0.1,2.7,0.4,0.5,-,7.1
Liam Kitching,29,2573,1.1,0.9,1,1.2,6.6,0.2,0.7,-,7.1
Jordan Storey,32,2818,1.3,1.6,0.7,0.9,6.8,0.3,0.6,-,7.09
Anis Mehmeti,28,2348,1.4,0.2,1.2,-,0.5,1,0.1,-,7.09
Abdul Fatawu,32,2715,1,0.6,1.2,-,1.4,0.5,0.1,-,7.09
Rob Dickie,29(1),2581,1,1.4,0.5,0.5,8,0.4,1,-,7.08
Hayden Hackney,33,2892,1.8,0.6,1.5,-,0.8,1,0.1,-,7.08
Josh Vickers,3,270,-,-,-,-,0.3,-,-,-,7.06
Brandon Thomas-Asante,16(5),1369,0.6,0.7,0.8,-,0.5,0.5,0.1,-,7.06
Cameron Burgess,33,2970,1.1,1.4,0.3,0.5,8.5,0.2,0.9,3,7.05
Stephen Mfuni,4,316,3.3,0.8,0.8,-,5,-,-,-,7.04
Callum Elder,25(2),2149,1.9,0.9,1,0.1,3.5,0.5,0.3,-,7.04
Matt Clarke,32,2875,1.8,1.4,1,0.3,8.4,0.5,1.1,1,7.03
Matt Grimes,33,2959,1.8,0.8,0.5,0.1,1.4,0.7,0.4,-,7.03
Jeremy Ngakia,26(2),2297,3.6,1.1,0.9,0.3,3,0.9,0.2,-,7.03
Jacob Greaves,12(1),1002,0.9,0.8,0.6,-,5.7,0.2,0.3,-,7.01
Conor Shaughnessy,8(1),680,0.6,0.9,0.4,0.6,6.7,0.1,0.8,-,7
Benjamin Whiteman,32,2832,1.8,1.2,1.2,0.1,3.3,0.7,1,1,7
Ross McCrorie,25(4),2105,1.9,0.8,1.6,0.1,2.3,0.7,0.1,-,7
Todd Cantwell,18(2),1661,1.7,1,1,-,0.4,1.2,-,-,6.99
Michal Helik,30(1),2659,1.2,1.6,0.9,0.6,7.9,0.3,1.1,-,6.99
Nicolas Madsen,31(2),2764,1.7,1,0.3,-,1.7,0.4,0.5,-,6.98
Viktor Johansson,24,2160,0.1,-,-,-,1.7,-,-,-,6.97
Dael Fry,12(6),1109,0.7,0.5,0.3,0.7,5.1,0.1,1.2,-,6.97
Tayo Adaramola,3,248,3.3,-,0.3,0.3,3.3,0.3,-,-,6.97
Ilias Chair,9(2),808,1.1,0.3,0.4,0.1,0.5,1.4,-,-,6.97
Callum Brittain,28,2452,1.6,1.2,0.9,0.1,2.8,0.6,0.1,-,6.97
Ali Ahmed,6(1),451,1,1,0.7,-,0.9,1.1,0.1,-,6.96
Ryan Manning,23(7),2171,1.2,0.9,0.7,0.1,2,0.2,0.3,-,6.96
Matt Crooks,18(2),1641,2.1,0.8,2.2,-,1.7,0.9,0.3,-,6.96
Jaden Philogene,19(6),1551,1.1,0.8,0.7,-,0.5,0.9,-,-,6.96
Nathaniel Phillips,31,2658,1.4,1.3,0.7,0.5,6.9,0.5,0.8,1,6.96
Joe Ward,20(5),1805,1.4,0.8,0.2,-,2.3,0.6,0.3,-,6.95
Sondre Langås,18(1),1658,1.4,1.2,0.5,0.3,5.9,0.4,0.5,-,6.95
Lewis Baker,11(1),998,0.9,0.6,1.1,0.1,1.2,0.9,0.1,-,6.95
Japhet Tanganga,27,2387,1.1,1.4,1.2,0.5,6.4,0.3,0.9,1,6.95
Ben Cabango,32,2865,1.8,1.1,0.6,0.7,6.8,0.7,0.6,-,6.94
Othmane Maamma,18(2),1360,1.8,0.7,0.7,0.1,0.4,0.6,0.1,-,6.94
Brian De Keersmaecker,25(1),2248,2,1.2,0.7,-,1.8,0.7,0.4,-,6.94
Cédric Kipré,22,1946,1.1,1,0.5,0.7,5.4,0.3,0.6,1,6.94
Morgan Whittaker,29(3),2292,1.3,0.2,0.8,-,0.1,0.7,-,-,6.93
Ephron Mason-Clark,25(4),2086,1.1,0.1,1.8,-,0.3,0.5,-,-,6.93
Haji Wright,23(6),1958,0.3,-,0.9,-,0.8,0.1,0.1,-,6.92
Hayden Carter,5,398,0.8,1,1,0.2,6.8,0.4,0.6,-,6.91
Scott Wharton,7(2),672,0.9,1.4,0.7,0.8,5.6,0.2,0.7,-,6.91
Milan van Ewijk,31,2728,2.2,1.3,0.9,0.5,2.5,0.7,0.2,-,6.91
Murphy Cooper,7,630,0.3,0.1,-,-,1.1,-,-,-,6.9
Ben Gibson,2(2),249,1.3,1.5,0.5,0.8,3.3,-,1.3,-,6.9
Femi Seriki,20(7),1859,2.2,0.7,0.7,0.3,1.6,0.6,0.1,-,6.9
Dara O'Shea,31,2790,0.5,0.8,0.4,0.5,5.9,0.3,1,-,6.9
Mattie Pollock,22(2),1974,0.9,0.9,0.7,0.4,6.6,0.3,0.7,-,6.89
Josh Tymon,31(1),2821,1.1,1.3,0.4,0.2,2.1,0.4,0.1,-,6.89
Ruairi McConville,19(1),1719,1.2,0.8,0.5,0.8,6,0.3,0.7,-,6.89
Ben Mee,14(1),1249,0.5,0.9,0.3,0.5,7.3,0.1,0.4,-,6.88
Kenny McLean,29(1),2541,1.9,0.8,0.6,-,1.7,0.9,0.4,-,6.88
Tyler Bindon,15(1),1342,1.2,1.3,1.1,0.8,7.1,0.4,0.5,1,6.88
Lewis Gibson,19,1654,1.1,1.2,0.5,0.9,6.2,0.5,0.9,-,6.88
James Bree,19(2),1676,1.3,0.7,1,-,1.8,0.4,0.2,-,6.88
Matt Targett,28(2),2417,1.3,1.1,0.6,0.3,2,0.5,0.2,-,6.88
Marcelino Núñez,15(9),1433,0.9,0.3,0.9,-,0.4,0.5,-,-,6.87
Jayden Fevrier,0(2),70,1,-,-,-,-,-,-,-,6.87
Luke Ayling,26(4),2400,1.9,1,0.6,0.5,2.3,0.5,0.6,-,6.87
Neto Borges,19(7),1693,1.7,1.4,0.8,0.2,2.4,0.5,0.3,-,6.87
Phil Neumann,26,2277,1.1,0.8,1,0.7,6.5,0.2,0.8,1,6.87
Jordan James,23(1),1763,1.1,0.3,1,-,1,0.4,-,-,6.86
Scott Twine,30(2),2379,1.2,0.7,0.9,-,0.6,0.4,0.1,-,6.86
Tatsuhiro Sakamoto,22(5),1946,1.1,0.3,0.5,-,0.6,0.4,-,-,6.86
Jack Currie,19(5),1707,2.7,1.7,1,0.4,2.9,0.8,0.2,-,6.86
Max Cleworth,31,2790,1.7,0.9,0.7,0.2,5.5,0.5,0.7,1,6.86
Alfie Doughty,16(5),1328,1.2,0.8,1,-,1.3,0.5,0.1,-,6.86
Leif Davis,28(1),2509,0.7,0.8,0.6,0.2,2.6,0.4,0.1,-,6.86
Josh Edwards,7,553,1.7,0.3,1,-,3.7,0.7,0.1,-,6.86
Gustavo Caballero,2(1),160,1.7,0.3,1.7,-,0.7,0.3,-,-,6.86
Ibrahim Osman,4(1),339,1.4,0.2,1,-,0.4,0.2,-,-,6.86
Sydie Peck,25(2),2275,1.9,1,1,-,2.2,0.3,0.3,-,6.86
Dominic Hyam,4,360,0.8,0.5,0.5,-,9,0.8,0.8,-,6.86
Azor Matusiwa,30,2620,2.3,2,1.2,-,1.9,0.3,0.6,-,6.85
Zan Vipotnik,24(7),2072,0.2,0.2,0.5,-,0.9,0.1,0.1,-,6.85
Andrew Hughes,25(1),2219,1.5,1.2,1.2,0.5,4.3,0.4,0.5,1,6.85
Shea Charles,13(5),1266,2,0.8,1.3,-,1.2,0.5,0.2,-,6.85
David Cornell,4,360,-,-,-,-,1.5,-,-,-,6.85
Josh Sargent,23,1953,0.3,0.3,0.5,-,1.3,0.1,0.2,-,6.85
Sorba Thomas,33,2896,0.6,0.4,0.8,0.1,0.8,0.5,-,-,6.85
Terry Devlin,18(9),1646,1.8,1.1,0.6,0.1,2.9,0.6,0.3,-,6.85
Daniel Grimshaw,1,90,-,-,-,-,-,-,-,-,6.85
Lewis Miller,23(6),2154,1.9,1.4,0.9,0.4,3.5,0.3,0.8,-,6.85
Regan Poole,29,2610,1,1.6,0.9,0.6,7.1,0.4,0.8,-,6.85
Finn Azaz,25(4),2029,1.3,0.1,0.8,-,0.7,0.7,0.1,-,6.85
Maksym Talovierov,9(2),827,2.6,1.4,0.9,0.5,4.4,0.7,0.9,-,6.84
Ben Killip,1(1),154,-,-,-,-,0.5,0.5,-,-,6.83
Demarai Gray,22(3),1740,1,0.2,0.6,-,0.7,0.5,0.1,-,6.83
Jack Clarke,15(16),1554,0.9,0.4,0.8,-,0.3,0.5,-,-,6.83
Dominic Hyam,28,2512,0.9,1.3,0.8,0.5,7.8,0.5,0.6,-,6.83
Mikey Johnston,25(7),2201,0.7,0.2,0.6,-,0.3,0.3,-,-,6.83
Darnell Furlong,25,2207,1.2,1.3,1.5,0.2,3.6,0.5,0.2,-,6.82
Tommy Conway,32(1),2588,1.3,0.1,1,-,0.5,0.5,0.1,-,6.82
Patrick Agyemang,26(3),2194,0.2,-,1.7,-,0.7,0.1,-,-,6.82
Harry Amass,21,1868,3.1,1.2,1,-,2.7,0.8,0.3,1,6.82
Ben Wilmot,30(1),2703,0.8,0.5,0.4,0.6,4.7,0.2,0.6,-,6.82
Keenan Gough,1(1),91,2,1.5,1,-,2,-,0.5,-,6.82
Lawrence Vigouroux,33,2970,-,-,-,-,0.7,-,-,-,6.81
Lewis O'Brien,20(6),1817,1.5,0.5,0.8,-,0.8,0.6,0.3,-,6.81
Patrick Bamford,11(5),895,0.6,0.2,1.4,-,0.7,0.6,-,-,6.81
Ryan Hedges,18(4),1542,1.9,1,1.1,-,1.3,0.2,0.2,-,6.81
Jack Rudoni,19(4),1649,0.7,0.3,0.5,-,0.7,0.3,0.2,-,6.81
Callum Doyle,19(2),1706,1.7,1.3,0.7,0.1,4.7,0.8,0.5,-,6.81
Ashley Phillips,24(4),2265,0.4,0.9,0.6,0.4,6.1,0.1,0.8,-,6.81
George Thomason,16(5),1402,1.2,0.5,0.6,-,1.8,0.6,0.3,-,6.81
José Córdoba,13(3),1254,1.4,1,0.8,0.9,5.1,0.3,0.9,-,6.81
Marc Bola,26(2),2341,1,1.4,0.4,0.3,4.5,0.3,0.3,-,6.8
Gonçalo Franco,28(4),2376,2.7,0.9,1.4,-,1.2,1.2,0.5,-,6.8
Riley McGree,9(6),736,0.9,0.4,0.5,0.1,0.3,0.3,-,-,6.8
Gustavo Hamer,18(8),1668,0.8,0.4,1.2,-,0.5,0.7,-,-,6.8
Danny Ward,4,360,-,-,-,-,0.5,-,-,-,6.8
Junior Tchamadeu,19(1),1723,2.3,1.2,1,0.5,1.9,0.5,0.2,-,6.79
Adam Armstrong,24(5),2041,0.7,0.3,0.9,-,0.4,-,-,-,6.79
Sondre Tronstad,27(1),2342,2.4,1.1,0.9,0.1,1.3,1.2,0.3,-,6.79
Patrick Roberts,23(5),1876,1.3,0.2,0.5,-,0.6,0.6,-,-,6.79
Andre Brooks,20(9),1737,1.6,0.3,0.7,-,0.8,0.9,0.1,-,6.78
Steve Cook,21(6),1987,0.6,0.8,0.3,0.6,6.7,0.1,0.7,-,6.78
Richard Kone,27(4),2379,1,0.2,1.7,-,1.1,0.4,-,-,6.78
Aidan Morris,24(3),2034,2,0.6,1.2,-,0.5,1.1,0.1,-,6.78
Jack Robinson,2(1),213,0.7,0.3,0.7,0.7,6.3,-,0.7,-,6.78
Jack Stephens,21(1),1896,1.1,1.1,0.5,0.3,4.2,0.5,0.8,-,6.78
Max Alleyne,14(2),1266,1.7,0.8,0.3,0.4,4.8,0.5,0.4,1,6.78
Millenic Alli,8,697,0.8,0.4,1.1,-,1,0.9,-,-,6.78
Romain Esse,4(3),378,1.1,0.3,0.9,-,0.1,0.4,0.1,-,6.77
Pelle Mattsson,21(1),1872,2.5,1.5,1.8,-,2,0.9,0.2,-,6.77
Alex Cochrane,18(1),1531,1.1,1,0.5,0.2,3,0.6,0.1,-,6.77
Caleb Okoli,19(2),1629,1.5,1.2,1,0.3,6.4,0.2,1,-,6.77
Alfie Devine,26(6),2212,1.3,0.4,0.5,-,1.1,0.5,0.1,-,6.77
John Egan,27(2),2357,1.2,1,0.5,0.4,6.1,0.3,0.9,-,6.77
Mark McGuinness,15(4),1314,0.4,0.9,0.6,0.3,6.7,-,0.4,-,6.76
Mohamed Belloumi,5(7),519,1,0.9,0.3,-,0.3,0.7,-,-,6.76
Issa Kaboré,16(1),1353,1.7,1.1,0.9,0.1,1.4,0.5,0.1,-,6.76
Jay Dasilva,29(1),2506,1.7,1,0.6,0.2,1.9,0.4,0.2,-,6.76
Ethan Laird,4(4),384,1.1,1.1,0.1,0.4,2.8,0.3,0.1,-,6.76
Joel Latibeaudiere,7,630,0.4,1,0.3,0.7,7,0.3,0.7,-,6.76
Sonny Carey,29(4),2410,1,0.4,0.6,-,0.9,0.8,0.2,-,6.76
Ryan Longman,20(7),1787,1.5,0.6,0.7,0.1,1.7,0.8,0.3,-,6.75
Ethan Galbraith,30(3),2635,1.4,1,0.8,0.1,1.4,0.6,0.1,-,6.75
Massimo Luongo,7(2),567,2.6,1.1,2.2,-,1.9,1,0.2,-,6.75
Liam Lindsay,11(7),1055,0.8,0.9,1.2,0.3,6.4,0.2,0.8,-,6.75
George Tanner,23(5),2146,2,0.8,0.3,0.3,4.8,0.8,0.7,-,6.75
James Abankwah,19(1),1649,1.5,0.8,1.2,0.6,5.8,0.4,0.4,-,6.75
Christ Makosso,4,360,1.5,1,0.5,0.5,4.8,0.5,0.5,-,6.75
Connor Ogilvie,21,1733,1,1,0.8,0.2,3.4,0.1,0.4,-,6.74
Collins Sichenje,1,90,3,-,4,-,5,-,3,-,6.74
Barry Bannan,28,2457,1.1,1.2,0.5,-,0.9,0.8,0.4,-,6.74
Brodie Spencer,16(2),1432,2.8,1.2,1.1,0.5,3,0.7,0.5,-,6.74
Zak Swanson,22(5),1784,1.9,1,0.7,0.1,2.4,0.5,0.2,-,6.74
Alfie Jones,22,1886,1.6,0.9,0.8,0.4,4.2,0.4,0.8,-,6.74
Callum O'Hare,30(3),2580,1.5,0.5,0.7,-,0.7,0.8,-,-,6.74
Mihailo Ivanovic,27(4),2358,0.3,0.2,1,-,1.1,0.2,0.1,-,6.73
Christian Walton,21(1),1956,-,-,-,-,0.9,-,-,-,6.73
Lewie Coyle,25(2),2202,1.1,0.7,1,0.2,3,0.4,0.4,-,6.73
Bristol City,28,2520,-,-,-,-,1.4,-,-,1,6.73
Liam Millar,10(9),964,1.4,0.4,0.3,-,0.7,1.2,-,-,6.73
Adam Randell,33,2804,1.3,1,0.5,-,1.5,0.5,0.6,-,6.73
Marcelino Núñez,1(1),71,0.5,0.5,0.5,-,0.5,-,0.5,-,6.73
Paik Seung-Ho,30(1),2562,1.5,0.7,1.1,-,1.3,0.7,0.2,-,6.73
George Dobson,21(9),2064,2.5,0.7,0.8,-,1.5,0.7,0.4,-,6.73
Liam Morrison,12,1040,0.7,1.5,0.8,0.7,6.8,0.4,0.8,-,6.73
Ricardo Pereira,21(5),1971,2.4,1.2,1.1,0.2,3.6,0.6,0.4,-,6.73
James Bree,5,439,1.8,0.4,1.4,-,3.2,0.2,0.2,-,6.73
Callum Styles,28(4),2501,2.2,1.3,1.1,0.3,2.5,0.8,0.2,-,6.72
Bosun Lawal,21(2),1763,1.5,0.6,0.8,0.4,2.8,0.3,0.5,-,6.72
Gavin Bazunu,1,90,-,-,-,-,1,-,-,-,6.72
Jovon Makama,18(10),1613,0.6,0.1,1.3,-,0.3,0.3,0.1,-,6.72
Ryan Alebiosu,24(2),2092,1.8,0.7,0.6,0.2,2.3,0.5,0.2,-,6.72
Ben Chrisene,13(4),1108,1.6,0.3,0.6,0.2,1.8,0.6,0.3,-,6.72
Pierce Charles,9,810,-,-,-,-,0.7,-,-,-,6.72
Yuki Ohashi,28(5),2460,1,0.4,1.3,0.1,1.1,0.6,0.1,-,6.72
Tomi Horvat,3,198,1,1,1.3,-,-,1,-,-,6.72
Daniel Iversen,26,2340,-,-,-,-,1.2,-,-,-,6.72
Anis Mehmeti,3(1),257,1.8,-,1.8,-,0.3,0.5,0.3,-,6.71
George Campbell,20(6),1930,2,0.5,0.8,0.3,3.5,0.5,0.3,-,6.71
Dion Sanderson,26(2),2313,1,1.4,1,0.3,5.5,0.2,0.6,-,6.71
Regan Slater,27(5),2465,1.4,1,0.6,-,1.7,0.6,0.4,-,6.71
Jhon Solís,4(2),389,1.7,0.3,0.8,-,1.3,0.7,0.7,-,6.71
Caspar Jander,25(3),2103,2.8,0.9,1.2,-,1.1,1.2,0.4,-,6.71
Ali McCann,17(6),1532,2.9,1.1,1.3,-,1.2,1.7,0.3,-,6.71
Craig Forsyth,10(1),895,1.5,1.5,0.4,0.4,4.3,0.5,0.2,-,6.71
Tomoki Iwata,31(1),2759,1.8,0.8,1.4,0.1,1.9,0.4,0.3,-,6.71
Marko Stamenic,21(4),1809,1.5,1.4,1.6,0.1,1.8,0.5,0.2,-,6.7
Dominic Iorfa,24,1952,1.8,0.8,0.9,0.5,6.8,0.3,0.6,-,6.7
Luke Thomas,26(4),2380,1.5,1.1,1.3,0.2,4.1,0.7,0.3,-,6.7
Carlos Vicente,2(2),196,1,0.5,0.5,-,0.5,0.5,-,-,6.7
Carl Rushworth,33,2970,-,-,-,-,0.7,0.1,-,-,6.7
Yu Hirakawa,2(3),244,2.4,0.4,0.6,-,1,1.8,0.2,-,6.7
Ross Stewart,7(9),631,0.5,0.2,0.4,-,0.6,0.3,-,-,6.7
Joe Lumley,2,180,-,-,-,-,1.5,-,-,-,6.7
Max Crocombe,23,2070,0.1,-,-,-,1,-,-,-,6.69
Jamie McDonnell,5(1),393,3.2,1.3,1.2,-,1.3,0.5,0.3,-,6.69
Conor Coady,5,376,0.8,1.4,-,-,2.2,-,1,-,6.69
James Justin,2,155,0.5,0.5,0.5,-,3.5,-,0.5,-,6.69
Casper De Norre,18(2),1524,2,1.2,0.8,-,1.8,0.9,0.1,-,6.69
Ben Nelson,17,1434,1.5,1.2,0.2,0.8,7.4,0.3,0.9,-,6.69
Semi Ajayi,9(3),867,1.3,1.2,0.3,0.4,4.2,0.2,0.6,-,6.69
Chris Mepham,21(4),1935,1,1,0.7,0.3,6.5,0.3,0.4,-,6.69
Oscar Schwartau,21(9),1859,1.7,0.5,0.5,-,0.6,0.9,-,-,6.69
Luke Woolfenden,7(5),705,0.7,0.8,0.4,0.7,4.1,0.2,1,-,6.69
Papa Diallo,6(3),540,1.1,0.6,0.3,-,0.8,-,-,-,6.68
Rumarn Burrell,21(5),1847,0.3,0.2,1,-,0.5,0.2,-,-,6.68
James Beadle,23,2070,-,-,-,-,1.3,-,-,-,6.68
Josh Windass,19(9),1581,0.3,0.1,0.4,-,0.5,0.4,-,-,6.68
Nathan Broadhead,14(12),1365,0.5,0.2,0.3,-,0.4,0.2,0.1,-,6.68
Ryan Giles,26(1),2169,0.9,0.4,0.6,0.2,2.8,0.4,0.3,-,6.68
Luca Kjerrumgaard,25(6),2076,0.3,0.1,0.8,0.1,1.1,0.2,-,-,6.68
Miles Leaburn,17(12),1720,0.6,0.2,1.1,-,1.4,0.3,-,-,6.68
Amadou Mbengue,25(4),2243,1.7,0.8,1.3,0.3,3.4,0.7,0.6,1,6.68
Jonathan Varane,20(4),1618,2.1,1.1,0.9,0.2,2.4,0.5,0.4,-,6.68
Ryan Leonard,11(8),1097,2.1,0.5,1.2,0.2,2.5,0.5,0.2,-,6.67
Luke Chambers,6,446,1.3,0.3,0.8,-,3.8,1.3,-,-,6.67
Josh Murphy,12(2),1062,0.6,0.4,0.4,-,0.3,0.6,-,-,6.67
Aaron Cresswell,20(2),1802,1,0.8,0.2,0.1,2,0.2,0.1,-,6.67
Dan Scarr,10(4),892,0.1,0.7,0.4,0.3,6,0.5,0.7,-,6.67
Lewis Brunt,6(3),551,0.9,0.9,0.6,0.1,4.6,0.6,1.1,-,6.67
Arthur Okonkwo,29(1),2611,-,-,-,-,1.3,-,-,-,6.67
Jordan Ayew,22(8),1983,0.8,0.4,1.5,-,1.4,0.4,0.1,-,6.67
Mateus Fernandes,2(1),190,1,0.3,0.7,-,-,0.3,-,-,6.66
Egil Selvik,27,2386,-,-,-,-,1.8,-,-,-,6.66
Colby Bishop,26(3),2379,0.5,0.1,0.9,0.1,1.4,0.2,0.2,-,6.66
Jakov Medic,12(2),1119,0.4,1,0.2,0.2,5.5,0.4,1.4,-,6.66
Jamaldeen Jimoh-Aloba,3,193,2.3,1.3,1,-,-,0.3,-,-,6.66
Darnell Furlong,3,270,0.7,0.7,2,-,5.3,0.3,0.7,-,6.65
Ellis Simms,10(20),1095,0.2,-,0.3,-,0.6,0.1,0.1,-,6.65
Kellen Fisher,26(4),2369,2.4,1.1,1.2,0.2,2.6,0.3,0.4,-,6.65
Alan Browne,16(11),1617,1.1,1,0.6,-,1.8,0.7,0.2,-,6.65
Krystian Bielik,9(6),811,1.1,1.2,0.9,0.1,3,0.5,0.3,-,6.65
Amari'i Bell,22(1),1865,1,1,0.6,0.3,3.9,0.4,0.7,-,6.65
Rhys Norrington-Davies,22(4),1997,1.9,0.6,0.9,0.2,2.4,0.5,0.3,-,6.65
Sam Long,23(4),2119,1.4,1,0.6,0.6,4.1,0.6,0.6,-,6.65
Ivor Pandur,32,2880,-,-,-,-,1.2,-,-,-,6.64
Million Manhoef,23(9),2073,0.4,0.1,0.8,-,0.3,0.3,0.1,-,6.64
Marvin Ducksch,19(5),1452,-,0.2,0.4,-,0.5,0.1,-,-,6.64
Saba Goglichidze,2(1),167,2,-,-,-,3.7,0.3,0.3,-,6.64
Josh Coburn,10(4),865,0.5,0.2,1.2,-,0.9,0.3,0.1,-,6.64
Kyle Joseph,22(8),1779,1.1,0.3,1.3,-,1.2,0.7,0.1,-,6.64
Ben Sheaf,24(3),1818,1.4,0.9,0.7,-,1.1,0.8,0.3,-,6.64
Oliver Rathbone,5(8),485,1.2,0.5,0.3,-,0.4,0.2,0.1,-,6.64
Kayne Ramsay,25(3),2299,1.9,1.1,1.3,-,3.1,0.3,0.6,1,6.64
Tommy Simkin,8,720,-,-,-,-,1.5,0.1,-,-,6.64
Max Bird,0(6),160,1.2,0.5,0.5,-,0.7,0.2,0.2,-,6.64
Bae Jun-Ho,26(5),2298,1.2,0.4,0.5,-,0.6,0.3,-,-,6.63
Ebou Adams,16(7),1505,2.6,1.1,1.6,-,2.2,0.6,0.3,-,6.63
Lewis Dobbin,21(5),1574,0.5,-,0.5,-,0.2,0.4,-,-,6.63
Andri Gudjohnsen,17(5),1435,0.2,0.1,0.9,-,0.7,0.1,0.1,-,6.63
Rocco Vata,6(6),523,0.8,0.1,0.4,-,0.3,0.6,-,-,6.63
Matty James,19(12),1799,1.6,0.5,0.2,-,1.2,0.4,0.2,-,6.63
Ryoya Morishita,21(3),1562,0.8,0.3,0.8,-,0.4,0.4,-,-,6.63
Callum Lang,7(1),578,1.1,0.4,1.3,-,0.4,1.1,0.3,-,6.63
Harrison Armstrong,13(4),1132,1.1,0.7,0.6,-,1.2,0.4,0.4,-,6.63
Isaac Price,30(3),2518,1.2,0.2,0.6,-,0.8,0.7,0.2,-,6.63
Jairo Riedewald,12(2),923,1.5,0.6,0.4,-,1.7,0.7,0.4,-,6.63
Michael Cooper,33,2926,-,-,-,-,1,-,-,-,6.62
Billy Mitchell,17(4),1471,2,1,0.9,-,1.7,0.5,0.4,-,6.62
Akin Famewo,6(7),550,1.2,0.5,0.2,0.2,1.8,0.1,0.3,-,6.62
Mathias Jørgensen,6(2),570,0.1,-,-,-,1.3,0.1,0.4,-,6.62
Sam Field,2(1),208,1.3,0.3,0.7,-,0.7,0.3,0.3,-,6.62
Vladan Kovacevic,32,2880,-,-,-,-,1.7,-,-,-,6.62
Filip Krastev,10(6),857,2.4,1,0.9,-,0.7,0.8,0.1,-,6.62
Eom Ji-Sung,22(10),1725,1.1,0.5,0.7,-,0.9,0.3,0.1,-,6.62
Max Lowe,20,1776,1.8,1.6,0.9,0.5,4.2,0.9,1,-,6.61
Odeluga Offiah,21(10),2032,2.5,0.5,0.7,0.1,2.8,0.2,0.4,1,6.61
Thierry Small,23(9),2074,0.9,0.3,0.4,0.2,1.5,0.2,0.1,-,6.61
Ronald,26(7),2360,1.2,0.5,0.6,-,0.9,0.5,-,-,6.61
Yuri Ribeiro,9(2),779,1.6,0.5,0.9,-,3,0.4,0.4,-,6.61
Zak Vyner,27,2323,1.3,0.7,0.9,0.2,3.7,0.6,0.6,-,6.61
Jay Stansfield,29(2),2416,1,0.3,1.5,-,0.4,0.5,-,-,6.6
Ben Hamer,7,559,-,-,-,-,0.9,-,-,-,6.6
Harry Clarke,6(2),542,1.3,0.9,0.5,0.1,2.5,0.6,0.4,-,6.6
Liam Cooper,10(4),910,0.9,1.3,0.7,0.3,5.1,0.5,1.1,-,6.6
Abu Kamara,1(1),103,1,-,-,-,3,0.5,-,-,6.6
Barnaby Williams,0(1),45,3,1,2,-,3,-,-,-,6.6
Derry John Murkin,1(1),118,1.5,1,-,-,3.5,-,1,-,6.6
Mamadou Doumbia,15(8),1350,0.4,0.1,1.2,-,1,0.2,0.2,-,6.6
Harry Darling,25(1),2207,1,1,0.5,1,4.7,0.2,1,-,6.6
Conor Chaplin,19(5),1598,0.8,0.4,0.6,-,0.3,0.6,0.2,-,6.6
Pol Valentín,16(8),1453,2.2,0.7,0.8,0.3,1.9,0.6,0.3,-,6.59
Sol Brynn,33,2970,0.1,-,-,-,0.6,0.1,-,-,6.59
Jack Robinson,10(1),804,0.7,0.5,0.4,0.3,4.7,0.2,1.1,1,6.59
Danny Batth,7(2),603,0.3,1.2,1,0.2,6.7,-,0.9,-,6.59
Greg Docherty,21(7),2001,1.8,0.7,1.1,-,1.6,0.8,0.8,-,6.59
Cody Drameh,9(4),786,1.7,0.7,0.1,0.2,2.1,0.6,0.2,-,6.59
Moussa Baradji,9(10),990,1.6,0.8,1.2,-,1.5,0.6,0.1,-,6.59
Alex Mowatt,25(4),2123,1,0.7,0.7,-,0.8,0.4,0.1,-,6.59
Alex Bangura,6(2),438,0.5,0.4,0.3,0.1,1.1,-,-,-,6.59
Jacob Widell Zetterström,28,2520,-,-,-,-,1,-,-,-,6.58
Aune Heggebø,27(6),2330,0.7,0.1,1.4,-,0.6,0.1,0.1,-,6.58
Flynn Downes,23(3),1907,1.6,1.2,1.5,-,1.5,0.5,0.4,-,6.58
Tom Ince,9(10),873,0.6,0.5,0.1,-,0.3,0.1,0.1,-,6.58
Harrison Burrows,18(13),1842,1.3,0.5,0.3,0.2,2.4,0.5,0.1,-,6.57
Balázs Tóth,21,1889,0.1,-,-,-,0.9,-,-,-,6.57
Karlan Grant,17(6),1548,0.6,0.3,0.4,-,0.5,0.3,-,-,6.57
Edo Kayembe,18(9),1662,0.5,0.4,0.6,-,0.9,0.2,0.1,-,6.57
Emil Riis,27(5),2137,0.4,0.2,0.7,-,0.4,0.3,-,-,6.57
Rhian Brewster,15(8),1184,0.3,0.2,0.6,-,1,0.3,-,-,6.57
Nestory Irankunda,11(16),1119,0.7,0.1,0.7,-,0.3,0.2,-,-,6.57
Adrian Segecic,18(8),1604,0.7,0.1,0.7,-,0.5,0.6,0.1,-,6.57
Kévin Keben,18(4),1676,0.9,0.9,0.6,0.7,5.3,0.2,0.4,-,6.56
Nathan Wood,23(2),2050,1,0.8,0.7,0.4,4.6,0.1,0.9,-,6.56
Jakub Stolarczyk,26,2296,-,-,-,-,1.7,-,-,-,6.56
Cameron Brannagan,24,2033,1.5,0.7,0.8,-,0.9,1,0.4,-,6.56
James McClean,10(6),910,1.9,0.8,1,-,2.1,0.4,0.3,-,6.56
John Swift,17(5),1336,1,0.4,0.5,-,1,0.6,0.2,-,6.56
Josh Knight,10(4),973,0.4,0.6,0.5,0.6,5.9,-,0.5,-,6.56
August Priske,1(4),191,0.4,-,0.2,-,0.6,-,-,-,6.55
Tom Fellows,20(7),1693,1,0.3,0.6,-,0.6,0.4,0.1,-,6.55
Thomas Kaminski,33,2970,-,-,-,-,0.7,-,-,-,6.55
Marlon Pack,11(11),1210,0.5,0.3,0.7,-,2.5,0.1,0.1,-,6.55
Formose Mendy,1(3),126,1.5,-,0.3,-,2.8,1,-,-,6.55
Isaac Hayden,10(10),1004,1.4,0.8,0.7,0.1,1.2,0.2,0.3,-,6.55
Hector Kyprianou,22(3),1916,1.1,1.2,1.3,0.1,2,0.3,0.2,-,6.55
Cyle Larin,0(3),53,0.3,0.3,-,-,0.3,-,-,-,6.55
Gustavo Nunes,2(3),204,1,0.2,0.4,-,0.2,0.4,0.2,-,6.54
Chiedozie Ogbene,9(2),760,1,0.1,0.6,-,1.1,0.3,-,-,6.54
Ben Brereton,27(1),2084,0.3,0.1,1,-,0.5,0.7,0.1,-,6.54
Lewis Travis,1,81,5,-,2,-,-,3,-,-,6.54
Ruben Roosken,1(1),131,1,0.5,-,-,2.5,-,-,-,6.54
Ronnie Edwards,4,360,1,1.3,1,-,6.3,-,-,-,6.54
Harvey Vale,13(5),1029,0.8,0.5,0.6,-,0.8,0.3,0.1,-,6.54
Jamie Cumming,33,2970,-,-,-,-,1.4,-,-,-,6.54
Jason Knight,17(4),1604,0.6,1,0.5,-,2.2,0.6,0.4,-,6.54
Ernie Weaver,4(2),354,1.3,0.3,0.5,0.8,5.7,0.3,1.5,-,6.54
Matty Jacob,1(4),172,1.8,1,0.6,-,1.4,0.6,-,-,6.53
Reece Burke,9(4),750,0.7,1.1,0.8,-,4.5,0.1,0.5,-,6.53
Bobby Clark,25(7),2243,1.6,0.5,1.1,-,0.7,0.7,0.1,-,6.53
Welington,11(4),857,1.9,0.9,1.3,0.1,1.7,0.4,0.2,-,6.52
Alex Gilbert,7(7),676,1.3,0.5,0.6,-,1.1,0.5,0.2,-,6.52
Conor Coady,5,442,1.8,0.4,0.6,0.2,5.8,-,1.4,1,6.52
Leo Castledine,1(2),136,0.3,-,0.3,-,-,0.3,0.3,-,6.52
Joshua Quarshie,11(1),944,1,0.9,0.9,0.6,4,0.3,0.4,-,6.52
Sindre Egeli,15(6),1251,0.9,0.1,1,-,0.3,0.7,-,-,6.52
Ben Godfrey,4,318,1.8,1,0.8,-,3.5,1,1,-,6.52
Harry Winks,16(5),1591,1.2,0.7,0.7,-,1.3,0.5,0.3,-,6.52
Yan Valery,23,2050,1.8,0.6,0.8,0.2,2,0.4,0.3,-,6.51
Amir Hadziahmetovic,20(7),1552,1.5,0.6,0.5,-,1.2,0.6,0.4,-,6.51
Camiel Neghli,24(9),2132,1.3,0.5,0.8,-,0.9,0.6,0.2,-,6.51
Josh Eccles,14(10),1102,0.8,0.4,0.6,-,0.5,0.4,-,-,6.51
Josef Bursik,9,810,-,-,-,-,0.4,-,-,-,6.51
Stephy Mavididi,24(5),1845,1.4,0.3,0.8,-,0.6,0.8,-,-,6.51
David Ozoh,16(4),1251,1.5,0.8,1.5,-,0.8,0.7,0.1,-,6.51
Tommy Doyle,17(13),1583,1,0.7,0.7,-,0.8,0.3,0.2,-,6.5
Greg Leigh,10(6),894,0.9,0.8,0.2,0.4,3.7,0.4,0.2,1,6.5
Macaulay Gillesphey,18(8),1702,0.8,0.4,0.5,0.2,4.8,0.4,0.6,1,6.5
Elias Jelert,3(5),323,0.8,0.5,0.3,-,0.8,0.4,0.4,-,6.5
Luke Cundle,8(9),792,0.9,0.4,0.4,-,0.7,-,0.1,-,6.5
Brandon Powell,1,73,1,-,3,-,-,2,1,-,6.5
Jake Clarke-Salter,4(1),249,-,0.8,0.2,0.4,4.8,0.2,-,-,6.5
George Hirst,19(8),1523,0.4,-,1.1,-,0.7,-,-,-,6.5
Tyreece Campbell,24(9),2219,0.6,0.3,0.6,-,0.9,0.2,0.1,-,6.5
Daniel Bennie,2(5),302,0.9,-,0.4,-,0.9,-,-,-,6.5
Hidde ter Avest,5(2),396,1.7,0.7,1.4,0.1,2.3,0.4,-,-,6.49
Milutin Osmajic,14(3),1172,0.5,0.1,0.6,-,0.4,0.2,0.2,-,6.49
Michael Smith,13(16),1387,0.4,0.1,1,-,1.1,0.2,0.1,-,6.49
Jaden Heskey,7(1),647,2.1,1.6,1.8,0.1,2.9,0.5,0.5,-,6.49
Matty Litherland,4,312,1.5,-,0.8,-,0.5,1.5,0.3,-,6.49
Sam Silvera,8(11),1004,1.1,0.3,0.6,0.2,1.1,0.8,0.2,-,6.49
Zak Sturge,16(9),1358,1.2,0.5,0.7,0.2,2.5,0.4,0.2,-,6.49
Tyrese Campbell,19(11),1703,0.4,-,1,-,0.6,0.1,0.1,-,6.49
Jack Stacey,13(12),1203,1.6,0.4,0.8,0.1,1.6,0.8,0.1,-,6.49
Conor Coventry,25(6),2234,1.5,0.9,1.2,-,1.6,0.4,0.3,-,6.49
Aidomo Emakhu,12(15),1160,0.9,0.2,0.5,-,0.4,0.2,-,-,6.49
Lucien Mahovo,2(4),203,1,0.3,0.8,0.3,1.3,0.5,-,-,6.48
Jeremy Petris,5(5),450,0.6,0.6,0.7,-,1.4,0.2,0.1,-,6.48
Alex Palmer,10,834,0.1,-,-,-,0.8,0.1,-,-,6.48
Eric-Junior Bocat,9(7),813,1.3,1.3,0.3,0.3,1.7,0.3,0.3,-,6.48
Sam Bell,1(5),147,0.7,0.5,0.2,-,-,-,-,-,6.48
Divin Mubama,20(5),1611,0.5,0.2,1.2,-,0.6,0.1,-,-,6.48
Jeffrey Schlupp,4(5),421,0.8,0.9,0.4,0.2,2.3,0.3,0.1,-,6.48
Brad Potts,3(2),199,0.6,0.4,0.4,-,1.4,0.6,0.2,-,6.48
George Edmundson,4(3),218,0.4,0.9,0.3,0.6,3,0.1,0.3,1,6.47
Wes Burns,4(5),354,0.4,0.4,0.7,0.1,0.4,0.2,0.1,-,6.47
George Pratt,11,813,0.9,0.6,0.4,0.7,4.4,0.3,0.5,-,6.47
Liberato Cacace,8(4),722,0.5,0.7,0.8,0.1,1.2,0.6,0.3,-,6.47
Jens Cajuste,13(13),1127,0.8,0.3,0.5,-,0.6,0.5,0.1,-,6.47
Oliver Skipp,21(2),1800,1.7,0.9,1.1,0.1,1.8,0.7,0.3,-,6.47
Will Smallbone,4(2),302,1.2,0.3,0.7,-,0.8,0.7,-,-,6.47
Tom Atcheson,3(2),318,0.8,1.2,1,0.2,3.2,0.8,0.6,-,6.47
Ki-Jana Hoever,1(3),96,0.8,0.8,1,-,2.5,0.3,0.3,-,6.47
Mark Sykes,16(10),1393,0.8,0.5,0.4,-,1,0.7,-,-,6.47
Will Vaulks,15(12),1528,1.3,0.8,0.6,-,1.6,0.9,0.1,-,6.47
Hamza Choudhury,13(10),1087,1.5,0.7,0.4,0.1,1.7,0.3,0.5,-,6.47
Darragh Lenihan,1(1),91,0.5,0.5,0.5,-,5.5,-,-,-,6.47
Richard O'Donnell,2,180,-,-,-,-,-,-,-,-,6.47
Daniel Jebbison,14(11),1323,0.5,0.2,1.1,-,0.8,0.4,0.1,-,6.46
Max Johnston,9,786,1.4,0.2,0.4,0.2,2.9,0.4,-,-,6.46
Thierno Ballo,18(7),1470,1.1,0.4,1,-,0.5,0.7,-,-,6.46
Curtis Nelson,0(2),46,1,-,0.5,-,4,-,2,-,6.46
Will Keane,0(2),24,-,-,-,-,-,-,-,-,6.46
Rob Apter,8(5),589,1.2,0.1,0.2,-,0.4,0.5,-,-,6.45
Jack Taylor,17(10),1498,0.7,0.4,0.8,-,0.6,0.3,0.1,-,6.45
Koki Saito,19(7),1610,1,0.1,0.7,-,0.4,0.4,-,-,6.45
Andre Dozzell,29,2502,0.9,0.6,1,0.1,0.9,0.3,0.3,-,6.45
Paul Smyth,13(11),1117,0.6,0.3,1,-,0.5,0.4,-,-,6.45
Joe Rankin-Costello,5(8),532,0.8,0.2,0.5,-,1.1,0.2,0.5,-,6.45
Joshua Key,18(6),1638,1.2,0.5,0.8,0.2,2.5,0.7,0.3,-,6.45
Oscar Fraulo,1(6),200,0.7,1,1,-,0.7,0.4,0.4,-,6.44
Florian Bianchini,6(4),513,1.3,0.1,0.8,0.1,0.6,0.8,0.1,-,6.44
Ethan Horvath,14,1260,0.1,-,0.1,-,0.9,0.1,-,-,6.44
Nik Prelec,12(6),1059,0.3,0.1,0.4,0.1,1.2,0.1,0.1,-,6.43
Jordan Williams,10(13),1184,1.4,0.5,0.5,0.3,1.9,0.4,0.3,-,6.43
Myles Peart-Harris,8,632,1.6,0.1,1.4,-,0.1,0.6,-,1,6.43
Tatsuki Seko,19(13),1816,1.1,0.7,0.8,-,0.8,0.7,0.3,-,6.43
Augustus Kargbo,3(7),446,0.7,0.2,0.7,-,0.3,0.1,-,-,6.43
Ben Davies,7(3),644,0.6,0.8,0.3,0.6,3.6,0.5,0.6,-,6.43
Tom Fellows,3,233,0.3,-,0.7,-,0.3,0.7,-,-,6.43
Jayson Molumby,19(7),1853,0.7,0.7,1,-,0.9,0.6,0.1,-,6.42
Max O'Leary,5,450,0.2,-,-,-,0.6,-,-,-,6.42
Giorgi Chakvetadze,11(6),960,0.8,0.4,0.4,-,0.5,0.4,0.1,-,6.42
Taylor Gardner-Hickman,16(4),1323,1.4,0.8,0.9,0.1,1.5,1,0.3,-,6.42
Marc Leonard,5(10),686,2.1,0.6,0.9,0.1,0.9,0.7,0.2,-,6.42
Eiran Cashin,3(8),416,1.1,0.5,0.1,0.3,3,0.2,0.3,-,6.42
Bobby De Cordova-Reid,16(8),1201,0.5,0.3,0.4,-,0.4,0.5,0.1,-,6.42
Tomás Rigo,15(9),1285,0.9,0.5,0.5,-,0.9,0.8,0.2,-,6.42
Karamoko Dembélé,17(11),1529,0.8,0.2,0.5,-,0.4,0.6,-,-,6.42
Shane Duffy,3(1),260,0.8,-,1,1,4.3,0.3,0.3,-,6.42
Stanley Mills,16(14),1467,1,0.2,0.8,-,0.6,0.6,0.1,-,6.42
Charlie Taylor,15(5),1327,0.8,0.6,0.3,0.3,4.1,0.2,0.5,1,6.41
Zeidane Inoussa,12(13),1085,0.6,0.2,1.2,-,0.6,0.1,-,-,6.41
David Strelec,11(8),985,0.3,0.1,0.5,-,0.5,0.4,0.1,-,6.41
Cameron Pring,7(6),717,0.9,1.2,1,0.2,2.2,0.8,0.5,-,6.41
Paul Nardi,15(1),1421,0.1,-,-,-,1.4,0.1,-,-,6.41
Cathal McCarthy,1(4),228,1.2,0.8,1,0.6,2.6,0.2,0.6,-,6.41
Sam Field,9(9),853,0.9,0.4,0.4,-,2.2,0.3,0.4,-,6.41
Nicolas Schmid,22,1916,-,-,-,-,1.3,-,-,-,6.41
Mirko Topic,13(3),1039,1.4,1.1,0.6,-,0.9,0.3,0.1,-,6.4
Jay Fulton,8(14),791,0.7,0.6,0.7,-,0.8,0.1,0.3,-,6.4
Jay Robinson,7(18),879,0.6,0.2,0.6,-,0.3,0.2,-,-,6.4
Jamaal Lascelles,1(1),87,1,-,-,0.5,8,-,-,-,6.4
Lamine Cissé,11(12),1062,0.8,0.3,0.9,-,0.5,0.5,-,-,6.4
Derek Mazou-Sacko,8(4),682,1.5,0.3,0.8,-,0.8,0.6,-,-,6.4
Joel Ward,1(3),110,-,1.3,0.8,-,2.3,0.3,-,-,6.4
Mathias Kvistgaarden,4(19),538,0.3,0.1,0.3,-,0.3,0.2,-,-,6.4
Hayden Matthews,7(4),651,0.9,0.6,0.3,0.5,4.6,0.1,0.4,2,6.4
Aynsley Pears,12(1),1081,-,-,-,-,1.2,-,-,-,6.39
Ante Crnac,8(3),760,1,0.1,0.7,-,0.9,0.6,0.4,-,6.39
Iván Azón,11(14),1047,0.1,-,0.4,-,0.4,0.1,0.1,-,6.39
Emiliano Marcondes,7(9),650,0.9,0.4,0.6,-,0.2,0.1,0.1,-,6.39
Oliver Arblaster,7(7),644,0.4,1.1,0.4,-,0.9,0.2,0.4,-,6.39
Jamie Donley,0(4),77,1,-,-,-,0.5,0.3,-,-,6.39
Delano Burgzorg,11(14),1078,0.4,0.1,0.3,-,0.2,-,-,-,6.39
Wout Faes,9(6),855,0.4,0.5,0.4,0.2,4.1,0.2,0.1,-,6.39
Boubakary Soumaré,9(7),887,0.8,0.5,0.6,-,0.8,0.3,0.3,1,6.39
Jed Wallace,7(9),659,0.9,0.3,0.3,-,0.2,0.4,0.1,-,6.39
Paris Maghoma,0(2),76,1.5,0.5,-,-,-,-,0.5,-,6.39
Cameron Bragg,3(6),339,2.2,0.1,0.3,-,0.9,0.7,0.2,-,6.38
Ben Pearson,16(7),1377,1.2,0.5,1.1,-,1.2,0.7,0.2,-,6.38
John Lundstram,11(6),973,1.7,1.3,0.9,0.1,1.5,0.8,0.1,-,6.38
Kalvin Phillips,2(1),161,3.3,-,1.7,-,1.7,0.7,-,-,6.38
Samuel Iling-Junior,14(10),1292,0.5,0.4,0.8,-,1.1,0.5,0.2,-,6.38
Ishé Samuels-Smith,3(2),197,1.8,0.4,0.4,-,2.8,0.2,-,-,6.38
Ronnie Edwards,8(3),666,0.7,0.4,0.4,0.2,4.1,0.4,0.2,-,6.38
Chuba Akpom,7(16),798,0.3,-,0.4,-,0.1,0.1,0.1,-,6.37
Jacob Wright,10(9),949,1.3,0.4,0.8,-,0.8,0.6,0.1,-,6.37
Matej Jurásek,6(10),491,0.6,0.1,0.5,-,0.6,0.3,-,-,6.37
Ibane Bowat,7(4),580,0.8,1.3,0.7,0.1,2.7,0.1,0.2,-,6.37
Nampalys Mendy,7(5),693,1.2,1.4,0.8,-,0.9,0.1,-,-,6.37
Ousmane Diakité,14(10),1350,1.3,0.9,0.6,-,1.3,0.7,0.4,1,6.37
George McCormick,0(1),31,-,1,-,-,4,-,-,-,6.37
Ricardo Santos,0(1),22,1,-,1,-,1,-,-,-,6.37
Sean Fusire,13(10),1261,1.5,0.9,0.4,0.2,1.2,0.6,0.1,-,6.37
Sam Smith,6(21),735,-,-,0.5,-,0.9,0.2,0.1,-,6.37
George Brown,3(4),308,0.1,0.3,0.6,-,0.4,-,0.1,-,6.37
Bailey Cadamarteri,23(6),2107,0.6,0.3,1.1,-,0.8,0.5,0.1,-,6.37
Daniel Peretz,7,630,-,-,-,-,1.3,0.1,-,-,6.37
Liam Gibbs,5(5),449,0.8,0.1,0.4,-,0.7,0.1,0.1,-,6.36
Esquerdinha,6(6),516,1.3,0.3,0.3,0.1,2,0.7,0.1,-,6.36
Sam Gallagher,1(9),277,0.9,-,0.8,-,0.5,0.1,0.3,-,6.36
Thomas Cannon,14(13),1253,0.1,-,0.6,-,0.3,0.1,0.1,-,6.36
Callum Lang,0(2),48,-,-,-,-,0.5,-,-,-,6.36
Oladapo Afolayan,1(2),77,0.3,0.3,-,-,1.3,-,-,-,6.36
Jamal Lowe,26(7),2271,0.8,0.4,1.1,-,1,0.3,-,-,6.35
Gavin Bazunu,19,1710,-,-,0.1,-,0.6,0.1,-,-,6.35
Elliott Moore,2,156,1,-,0.5,-,6.5,0.5,1,-,6.35
Aaron Ramsey,3(5),268,0.8,0.1,0.6,-,0.3,-,-,-,6.35
Olaf Kobacki,3(3),296,1.7,0.3,0.3,0.2,0.7,0.8,-,-,6.34
Connor O'Riordan,3(2),339,1.6,0.4,0.4,0.2,4,0.4,0.2,1,6.34
Yang Min-Hyeok,9(6),675,0.6,0.2,0.5,-,0.3,0.5,0.1,-,6.34
Melker Widell,10(15),909,0.8,0.3,0.6,-,0.5,0.2,0.1,-,6.34
Tom Davies,3(4),287,0.3,0.9,0.6,-,0.7,0.4,-,-,6.34
Ryan Fraser,9(7),879,0.3,0.1,0.2,0.1,0.8,0.2,0.1,-,6.34
Kaine Kesler-Hayden,4(14),470,0.8,0.3,0.2,-,1.1,0.3,0.1,-,6.34
Kasey McAteer,8(10),724,0.9,0.1,0.8,-,0.3,0.4,0.2,-,6.34
Jamal Lewis,6(8),596,0.6,0.4,0.6,0.1,0.9,0.3,0.3,-,6.34
Karoy Anderson,6(4),529,2,0.3,1.2,-,1.5,0.5,0.3,-,6.34
Jordan Thompson,6(6),535,0.4,0.3,0.8,0.1,1.4,0.3,0.3,-,6.34
Liam Cullen,13(14),1265,0.6,0.3,0.8,-,0.9,0.3,0.1,-,6.34
Joe Bryan,6(10),689,1,0.9,0.8,0.2,1.6,0.4,0.1,-,6.33
Raees Bangura-Williams,5(9),453,0.4,0.2,0.9,-,0.4,0.2,0.1,-,6.33
Tyler Goodrham,9(4),683,1,0.4,1,-,0.8,0.6,-,-,6.33
Kaelan Casey,3(5),291,-,0.3,0.1,0.1,3.3,0.1,0.6,-,6.33
Alex McCarthy,7,630,-,-,-,-,1.1,-,-,-,6.33
Josh Griffiths,21,1890,-,-,-,-,0.8,-,-,-,6.33
Vivaldo Semedo,5(16),625,0.2,-,0.8,-,0.4,0.1,-,-,6.33
Lewis Koumas,0(4),109,1,0.3,0.8,-,1,0.5,-,-,6.33
Lewis Travis,11(3),1015,2.3,0.4,1.1,-,0.8,1.6,-,1,6.32
Sam Szmodics,2,178,2,-,0.5,-,0.5,0.5,-,-,6.32
Keshi Anderson,7(12),724,1.1,0.1,0.4,-,0.8,0.4,0.1,-,6.32
Svante Ingelsson,30(1),2583,1.6,0.6,1.9,0.1,1.6,0.7,0.3,-,6.32
Liam Thompson,11(6),1027,0.9,0.5,0.8,-,1.1,0.2,0.4,-,6.32
Tony Springett,6(6),514,1.3,0.4,0.3,-,0.5,0.3,-,-,6.32
Gabriel Otegbayo,17(7),1562,0.9,0.8,1,0.4,5,0.1,0.3,-,6.31
Leo Walta,0(3),55,0.3,0.7,0.3,-,0.3,-,-,-,6.31
Djibril Soumaré,11(11),946,1.7,0.5,0.8,-,0.8,0.4,0.1,1,6.31
Charlie Kelman,15(9),1188,0.2,-,0.7,-,0.4,0.2,-,-,6.31
Alex Williams,0(1),2,1,-,-,-,1,-,-,-,6.31
Andrija Vukcevic,9(9),688,0.6,0.1,0.7,-,1.4,0.3,0.1,-,6.31
Joel Ndala,10(7),782,0.8,0.4,0.6,-,0.5,0.5,-,-,6.31
Bright Osayi-Samuel,12(6),976,0.7,0.6,1.1,0.2,1.1,0.4,-,1,6.31
Alex Matos,3(5),320,1.3,0.6,1.5,-,0.9,0.6,-,-,6.3
Luke Harris,7(9),623,0.9,0.3,0.7,-,0.9,0.8,0.1,-,6.3
Sinclair Armstrong,9(23),1300,0.3,-,0.8,-,0.2,-,-,-,6.3
Amankwah Forson,5(6),439,1.2,-,0.3,-,0.6,0.5,-,-,6.3
Sam Szmodics,8(8),677,0.1,0.2,0.5,-,0.3,0.3,0.1,-,6.3
Ollie Cooper,0(1),24,1,-,1,-,-,-,-,-,6.3
Will Lankshear,21(10),1859,0.5,0.1,1.5,-,0.3,0.2,-,-,6.3
Tahith Chong,4(7),385,0.4,0.4,0.3,-,0.4,0.2,0.1,-,6.3
Charlie McNeill,17(12),1528,0.9,0.2,0.6,-,0.8,0.5,0.1,-,6.3
Yisa Alao,1(1),64,-,1,1.5,-,-,-,0.5,-,6.3
Liam Palmer,29(3),2596,1.4,0.8,0.9,0.3,2.5,0.4,0.3,-,6.29
Siriki Dembélé,4(15),648,0.5,0.3,0.5,-,0.1,0.2,0.1,-,6.29
Steven Nzonzi,9(11),743,0.4,0.4,0.6,-,1.3,0.2,0.3,-,6.29
Macaulay Langstaff,7(18),920,0.6,0.2,0.6,-,0.4,0.4,-,-,6.29
Jamie Allen,4(17),551,0.6,0.2,0.2,-,0.5,0.3,0.1,-,6.29
Patson Daka,10(18),1132,0.2,-,0.5,-,0.8,0.3,0.1,-,6.29
Ashley Young,3(10),393,0.7,0.2,0.1,0.1,1.2,-,-,-,6.29
Jeremy Sarmiento,1(3),97,0.8,0.3,0.3,-,0.3,-,-,-,6.29
Alfie Gilchrist,6(5),484,0.9,0.8,0.5,0.1,1.6,0.1,0.3,-,6.28
Jake Bidwell,2(5),256,0.6,0.3,0.3,-,2,0.1,0.4,-,6.28
Enis Destan,4(14),433,0.2,0.1,0.7,-,0.4,0.2,0.1,-,6.28
Noah Eile,1(1),91,0.5,0.5,-,-,3,-,0.5,-,6.28
Darko Gyabi,6(14),692,0.9,0.2,0.6,-,0.4,0.5,0.1,-,6.27
Adam Forshaw,5(7),348,0.7,0.4,0.3,-,0.8,0.3,0.3,-,6.27
Yu Hirakawa,3(21),514,1,0.3,0.2,-,0.4,0.4,-,-,6.27
Ryan Barnett,4(8),418,0.3,0.2,-,-,1.3,0.2,-,-,6.27
Przemyslaw Placheta,14(9),1086,0.3,0.1,0.5,-,0.7,0.4,0.1,-,6.27
Lars-Jørgen Salvesen,3(22),418,0.2,0.2,0.6,-,0.1,0.1,-,-,6.26
Mads Roerslev,5(4),472,0.9,0.2,0.7,0.1,1.8,0.3,0.2,-,6.26
Adam Idah,5(13),613,0.1,0.1,0.3,-,0.6,-,-,-,6.26
Japhet Tanganga,2,180,-,1,0.5,-,4,-,2,-,6.26
Nathan Baxter,6(1),585,-,-,-,-,0.4,-,-,-,6.26
Mads Frökjaer-Jensen,2(16),501,0.6,0.2,0.4,-,0.2,0.4,-,-,6.26
Márk Kosznovszky,6(9),641,0.8,0.5,0.7,-,0.5,0.5,-,-,6.26
Jeremy Monga,7(15),802,0.5,-,0.6,-,0.1,0.1,-,-,6.26
Leo Hjelde,0(3),18,0.7,-,-,-,1,-,-,-,6.26
Caleb Wiley,3(2),223,1.4,0.2,0.2,0.2,0.8,-,0.2,-,6.26
Joe Walsh,11,990,-,-,-,-,1,-,-,-,6.26
David Akintola,6(15),504,0.6,0.1,0.8,-,0.5,0.2,-,-,6.25
Sidnei Tavares,6(5),566,0.7,0.5,1,-,1.3,0.2,-,-,6.25
Róbert Bozeník,7(12),624,0.3,0.1,1.6,-,0.4,0.4,0.1,-,6.25
Dion De Neve,8(13),838,1.3,0.1,0.1,-,0.4,0.4,-,-,6.25
Malick Yalcouyé,7(16),668,0.6,0.1,0.3,-,0.2,0.5,-,-,6.25
Stefán Thórdarson,6(9),519,0.3,0.1,0.2,-,1,0.5,0.1,-,6.25
Kuryu Matsuki,2(7),285,0.4,-,0.7,-,0.2,0.2,0.3,-,6.25
Matt Phillips,3(5),266,0.8,0.3,0.5,-,0.3,0.1,-,-,6.25
Barry Bannan,2(2),163,0.3,1,0.5,-,0.5,0.5,0.3,-,6.24
Andreas Weimann,5(20),690,0.3,0.1,0.3,-,0.2,0.1,-,-,6.24
Raphael Borges Rodrigues,0(2),35,0.5,-,1,-,1,-,-,-,6.24
Ryan Oné,0(6),128,-,-,0.7,-,0.2,-,-,-,6.23
Harvey Knibbs,5(18),510,0.7,0.1,0.7,-,0.3,0.3,0.1,-,6.23
Kwame Poku,3(5),284,0.5,0.3,0.3,-,0.1,0.5,-,-,6.23
Sverre Nypan,3(17),613,0.7,0.1,0.3,-,0.2,0.3,0.1,-,6.23
Willum Willumsson,5(5),393,1,0.1,0.7,-,0.7,-,-,-,6.23
Rayan Kolli,3(11),516,0.4,0.1,0.5,-,0.8,0.1,0.1,-,6.23
Nathaniel Chalobah,1(2),73,0.3,0.7,0.3,-,0.3,-,0.3,-,6.23
Favour Fawunmi,0(2),34,0.5,-,0.5,-,-,0.5,-,-,6.23
Harry Pickering,4(5),392,0.3,-,0.6,0.1,2.3,0.2,-,-,6.22
Sam Morsy,3(4),344,0.7,0.3,1.6,-,0.9,0.3,0.1,-,6.22
Kwadwo Baah,6(17),728,0.1,0.1,0.7,-,0.2,0.2,0.1,-,6.22
Lyndon Dykes,2(19),422,0.3,0.1,0.6,-,0.4,0.1,-,-,6.22
Toby Collyer,3(9),254,0.8,0.3,0.4,-,0.6,-,-,-,6.22
Oriol Romeu,0(5),67,0.6,0.2,0.8,-,1,0.8,0.2,-,6.21
Corey Blackett-Taylor,2(7),269,0.1,0.4,0.2,-,0.2,-,-,-,6.21
Asmir Begovic,7(1),675,-,-,-,-,0.6,-,-,-,6.21
Samuel Edozie,0(2),41,0.5,-,-,-,-,-,-,-,6.21
Manuel Benson,1(5),138,0.3,0.2,-,-,-,-,-,-,6.21
Sontje Hansen,3(10),358,0.4,-,0.4,-,0.1,0.2,-,-,6.21
Tyler Dibling,0(1),7,-,1,1,-,-,1,-,-,6.2
Isaac Olaofe,6(16),672,0.4,-,0.5,-,0.1,0.3,-,-,6.2
Danny Ings,4(12),490,0.1,-,0.3,-,0.1,0.2,0.1,-,6.2
Alfons Sampsted,2(4),209,0.3,0.8,0.3,-,0.8,0.2,-,-,6.2
Kristi Montgomery,2(10),323,0.8,0.1,0.2,0.1,0.6,0.2,0.1,-,6.19
Daniel Kelly,3(6),335,0.6,0.1,0.4,-,1,0.6,0.2,-,6.19
Ben Johnson,4(5),357,0.9,0.3,0.7,-,0.7,0.1,-,-,6.19
Nathan Tinsdale,0(1),1,-,-,-,-,2,-,-,-,6.19
Zan Celar,1(1),76,-,-,-,-,1,-,-,-,6.19
Haydon Roberts,3(9),375,0.3,0.3,0.3,0.1,0.8,0.1,-,-,6.19
Cameron Archer,7(13),651,0.3,-,0.7,-,0.2,0.1,-,-,6.19
Harvey Blair,2(5),264,0.6,-,0.4,-,-,0.6,-,-,6.18
Jamie Donley,0(1),33,-,-,-,-,-,-,1,-,6.18
Jeon Jin-Woo,1(1),91,-,-,0.5,-,1,-,-,-,6.18
Josh Maja,6(21),816,0.3,0.2,0.4,-,0.1,-,-,-,6.18
Kealey Adamson,0(3),49,0.7,-,0.7,-,0.3,0.3,-,-,6.18
George Earthy,2(2),187,1,-,1.3,-,0.3,0.5,0.3,-,6.18
Victor Kristiansen,2(3),167,1.2,0.2,-,-,1.2,1.2,-,-,6.17
Chiedozie Ogbene,1(1),87,0.5,0.5,-,-,-,-,-,-,6.17
Kasey Palmer,3(6),250,0.8,0.1,0.6,-,0.2,0.1,-,-,6.17
Keshi Anderson,0(2),39,-,-,-,-,-,0.5,-,-,6.17
Zak Vyner,0(1),5,-,-,-,-,-,-,-,-,6.17
Kasey McAteer,0(2),16,0.5,-,-,-,-,-,-,-,6.17
Kieran Morgan,5(11),483,0.5,0.3,0.5,0.1,0.6,0.3,0.1,-,6.16
Luke Le Roux,4(6),373,0.7,0.7,1.2,-,0.8,0.3,-,-,6.16
Louis Page,4(11),450,0.4,0.3,0.2,0.1,0.1,0.2,0.1,-,6.16
Errol Mundle-Smith,0(5),66,1.2,-,0.2,-,0.2,0.2,-,-,6.16
Ali Al Hamadi,0(1),11,-,-,1,-,-,-,-,-,6.16
Jaydon Banel,0(3),49,-,0.3,0.3,-,-,-,-,-,6.16
Axel Henriksson,9(9),753,0.7,0.2,1.3,-,0.3,0.6,-,1,6.16
Kenzo Goudmijn,1(2),94,0.7,-,1.3,-,0.3,-,-,-,6.16
Leo Pecover,0(3),44,0.7,0.7,-,-,-,-,-,-,6.16
Ibrahim Fullah,2(6),289,0.5,0.4,0.4,-,0.5,0.4,-,-,6.15
Makhtar Gueye,0(16),187,0.1,0.1,0.4,-,0.1,-,-,-,6.15
Moussa Sissoko,8(12),741,0.8,0.2,0.6,-,0.4,0.3,0.1,-,6.15
Kaly Sène,5(18),625,0.6,-,0.4,-,0.3,-,-,-,6.15
Abdoulaye Kanté,1(3),83,0.8,0.3,0.5,-,1,-,-,-,6.15
Dan Neil,0(2),36,0.5,-,-,-,-,0.5,-,-,6.15
Louie Barry,6(3),449,0.8,-,0.3,-,0.2,0.8,-,-,6.14
Kai Andrews,0(7),54,0.1,-,-,-,-,-,0.1,-,6.14
Makenzie Kirk,4(9),445,0.1,-,0.5,-,0.2,0.2,0.2,-,6.14
Zak Lovelace,0(1),2,-,-,-,-,1,-,-,-,6.14
Delano Burgzorg,1(3),149,-,-,0.5,-,0.5,-,-,-,6.14
Jesurun Rak-Sakyi,2(1),146,0.7,0.3,0.7,-,0.3,0.7,-,-,6.14
Yang Min-Hyeok,0(3),29,0.3,-,0.3,-,-,-,-,-,6.14
Luke Berry,5(8),421,0.5,0.2,1.1,-,0.4,0.3,0.1,-,6.14
Scott Wright,0(3),6,0.3,-,-,-,0.3,0.3,-,-,6.13
Lewis Koumas,7(16),747,0.5,-,0.8,-,0.2,0.2,-,-,6.13
Andrew Moran,0(1),3,1,-,1,-,1,-,-,-,6.13
Milos Lukovic,1,46,-,-,1,-,-,-,-,-,6.13
Ole Romenij,2(11),317,0.5,0.1,0.2,-,0.8,0.1,-,-,6.13
Jack Walton,3,270,-,-,-,-,2.7,-,-,-,6.13
Olly Thomas,0(3),16,-,-,0.7,-,-,-,-,-,6.12
Cole McGhee,5(1),436,0.7,0.8,1.2,0.7,4.5,1,0.3,1,6.12
Harry Amass,0(1),16,-,1,-,-,-,-,-,-,6.12
Michael Frey,2(11),307,0.5,0.1,0.6,-,0.3,-,0.1,-,6.11
Anthony Patterson,1,90,-,-,-,-,-,-,-,-,6.11
Jacob Brown,1(3),113,0.3,0.3,0.3,-,-,-,-,-,6.11
Kyogo Furuhashi,8(18),1001,0.3,0.2,0.7,-,0.2,0.1,-,-,6.11
Jarvis Thornton,6(7),482,0.5,0.6,0.8,-,0.3,0.3,0.1,-,6.11
Julián Carranza,3(6),315,0.6,0.2,1,-,0.2,0.2,-,-,6.11
Kayden Jackson,2(17),368,0.2,0.1,0.4,-,0.5,0.2,-,-,6.11
Daryl Dike,1(11),181,-,-,0.8,-,0.3,0.1,-,-,6.1
Mark Harris,10(15),888,0.2,0.1,0.8,-,0.4,0.1,-,-,6.1
Steven Benda,9,810,-,-,-,-,0.9,0.1,-,-,6.1
Ben Sheaf,0(1),7,-,-,-,-,-,1,-,-,6.1
Oliver Bostock,0(2),6,-,-,-,-,-,-,-,-,6.1
Silko-Amari Thomas,1(15),240,0.2,-,0.2,-,0.1,0.1,0.1,-,6.09
Jerry Yates,5,416,1,0.6,0.2,-,0.8,0.4,-,-,6.09
Ryan Allsop,10,900,0.1,-,-,-,0.9,0.2,-,-,6.09
Dajaune Brown,0(1),1,-,-,-,-,1,-,-,-,6.08
Kieran Dowell,1(4),150,-,0.6,0.4,-,0.2,0.2,-,-,6.08
Cameron Humphreys,0(3),10,0.3,0.3,-,-,-,0.3,-,-,6.08
Onel Hernández,2(4),222,0.7,0.5,0.8,0.2,1.2,0.7,-,-,6.08
Iké Ugbo,6(14),621,0.5,0.2,0.3,-,0.1,0.1,-,-,6.08
Danny Imray,2(1),108,1,0.7,1.7,-,-,0.7,-,-,6.08
Max O'Leary,5,450,-,-,-,-,0.8,-,-,-,6.08
Gatlin O'Donkor,0(1),3,-,-,1,-,-,-,-,-,6.07
Dan McNamara,3(5),311,0.6,0.9,0.8,-,0.9,0.1,0.1,-,6.07
Ryan Nyambe,3(4),262,0.9,0.1,0.4,0.1,0.7,0.3,0.1,-,6.07
Owen Eames,0(2),13,-,-,0.5,-,-,-,-,-,6.07
Reece Johnson,4(7),435,1,0.7,0.7,-,1.5,0.9,0.2,-,6.06
Brandon Williams,0(1),5,1,-,-,-,-,1,-,-,6.06
Dujuan Richards,0(1),13,-,-,-,-,-,-,-,-,6.06
Ryan Andrews,0(3),29,0.3,-,0.3,-,0.3,-,-,-,6.06
Miguel Ángel Brau,1(7),193,0.5,0.1,0.1,-,0.9,-,0.1,-,6.06
Yukinari Sugawara,1(1),67,-,-,-,-,0.5,-,-,-,6.06
Ryan Hardie,2(4),179,0.2,0.2,-,-,0.2,0.3,0.2,-,6.05
Jamie Shackleton,0(3),21,-,-,-,-,0.7,-,-,-,6.05
Rio Shipston,0(4),24,0.3,-,0.3,-,0.5,-,-,-,6.05
Bruno Fernandes,0(4),14,0.3,-,-,-,-,-,-,-,6.04
Harry Cornick,0(1),6,1,-,-,-,-,-,-,-,6.04
Nathan Broadhead,0(1),22,-,-,1,-,-,1,-,-,6.04
Thomas Waddingham,0(4),55,-,-,0.8,-,0.5,0.3,-,-,6.04
Conor Chaplin,1(3),133,-,-,-,-,-,0.3,-,-,6.04
Edoardo Bove,0(1),4,-,-,-,-,-,-,-,-,6.03
Harry Ashfield,0(1),3,-,-,-,-,-,-,-,-,6.03
Kanya Fujimoto,0(2),2,-,0.5,0.5,-,-,-,-,-,6.03
Milan Smit,3(1),223,0.3,-,0.5,-,0.5,0.3,-,-,6.03
Tom Bradshaw,0(5),64,-,-,-,-,0.2,-,-,-,6.02
Finley Munroe,0(2),6,-,-,0.5,-,-,0.5,-,-,6.02
Jahnoah Markelo,0(1),8,-,1,-,-,-,1,-,-,6.02
Tom Watson,1(2),107,0.3,-,0.7,-,0.3,-,-,-,6.02
Neto Borges,0(3),10,0.3,-,-,0.3,0.3,-,-,-,6.02
Devlan Moses,0(4),16,-,-,0.3,-,-,-,-,-,6.02
Bobby Wales,0(4),22,0.3,-,0.3,-,0.3,-,-,-,6.01
Jacob Farrell,0(1),7,-,-,-,-,-,-,-,-,6.01
Fally Mayulu,1(9),131,0.1,-,0.7,-,0.1,0.1,-,-,6.01
Micah Hamilton,1(3),51,0.5,-,0.3,-,0.3,-,-,-,6.01
Cruz Allen,0(1),1,-,-,-,-,-,-,-,-,6
Franco Umeh,0(1),1,-,-,-,-,-,-,-,-,6
Noah Mawene,0(1),1,-,-,-,-,-,-,-,-,6
Pierre Dwomoh,0(1),1,-,-,-,-,-,-,-,-,6
Tammer Bany,0(1),1,-,-,-,-,-,-,-,-,6
Tom Dele-Bashiru,0(1),4,-,-,-,-,-,-,-,-,6
Wes Harding,2(6),201,0.6,0.3,0.6,-,1.5,-,0.3,-,6
James Morris,0(2),4,0.5,-,-,-,1.5,-,-,-,6
Jay Rodriguez,0(4),7,-,-,0.8,-,0.3,-,-,-,6
Toby Collyer,0(1),14,-,-,1,-,-,-,-,-,5.99
Joe Aribo,1(1),104,0.5,-,0.5,-,1,1,-,-,5.99
Nathan Dlamini,0(4),26,-,-,-,-,-,-,-,-,5.99
Aji Alese,0(1),4,-,-,-,-,3,1,-,-,5.98
Joe Emery,0(1),3,-,-,-,-,-,-,-,-,5.98
Joe Aribo,0(7),111,0.1,0.1,0.1,-,0.6,0.3,-,-,5.98
Damion Downs,1(10),277,-,-,0.4,-,0.4,0.2,-,-,5.97
Kevin Nisbet,0(2),13,-,-,-,-,0.5,-,-,-,5.97
Archie Baptiste,0(1),1,-,-,-,-,-,-,-,-,5.97
Josh Laqeretabua,0(1),2,-,-,-,-,-,-,-,-,5.97
Marcus Forss,0(1),1,-,-,1,-,-,-,-,-,5.97
Nicholas Oyekunle,0(2),29,-,-,1.5,-,-,-,-,-,5.97
Aodhan Doherty,1(2),85,0.7,-,0.3,-,0.3,-,-,-,5.97
Louie Sibley,0(3),19,-,-,-,-,-,-,-,-,5.96
Matty Godden,1(5),137,-,0.2,0.3,-,0.2,-,-,-,5.96
Davis Keillor-Dunn,0(1),18,-,-,-,-,-,-,-,-,5.96
Yunus Konak,1(2),102,-,-,0.7,-,0.3,0.3,-,-,5.95
Seny Dieng,1,90,-,-,-,-,-,-,-,-,5.93
Jack Grieves,0(1),18,-,1,-,-,-,1,-,-,5.91
Taylor Gardner-Hickman,0(1),1,-,-,1,-,-,-,-,-,5.88
Paddy McNair,2,166,1.5,0.5,1.5,0.5,1.5,-,-,1,5.87
Joel Ndala,2(1),197,1,0.7,1.7,-,0.3,0.3,-,-,5.87
Favour Onukwuli,0(3),20,-,-,-,-,0.3,-,-,-,5.85
Olabade Aluko,1(4),146,0.2,-,0.6,-,2.4,-,0.2,-,5.85
Olutayo Singerr,0(1),16,-,-,-,-,-,-,-,-,5.83
Nathan Redmond,0(6),103,0.3,0.2,0.3,0.2,0.2,0.2,-,-,5.82
Joe Williams,0(2),30,0.5,0.5,-,-,0.5,-,-,1,5.81
Aidomo Emakhu,2(1),160,1,0.3,0.3,-,1.7,0.3,-,-,5.74
Joe Wildsmith,7,630,-,-,-,-,0.9,0.1,-,-,5.7
Marvelous Nakamba,0(1),29,1,-,2,-,1,-,-,-,5.66
Adam Davies,0(1),45,-,-,-,-,2,-,-,-,5.46
Joe Rothwell,0(1),35,-,-,1,-,-,-,-,-,5.15
Rhys Norrington-Davies,1,57,-,-,-,-,-,-,-,-,4.71