Player,Nation,Pos,Squad,Age,Born,90s,CrdY,CrdR,2CrdY,Fls,Fld,Off,Crs,Int,TklW,PKwon,PKcon,OG
James Abankwah,ie IRL,DF,Watford,22-038,2004,18.3,1,1,0,23,16,1,6,17,20,,,0
Ebou Adams,gm GAM,MF,Derby County,30-039,1996,16.7,7,0,0,36,37,4,10,25,38,,,0
Ebou Adams,gm GAM,MF,Portsmouth,30-039,1996,7.3,2,0,0,11,23,0,3,7,17,,,0
Kealey Adamson,au AUS,DF,Queens Park Rangers,22-351,2003,0.6,0,0,0,2,1,0,1,0,1,,,0
Tayo Adaramola,ie IRL,DF,Sheffield Weds,22-101,2003,2.7,0,0,0,1,4,0,4,1,7,,,0
Oladapo Afolayan,eng ENG,MF,Blackburn Rovers,28-011,1998,0.9,0,0,0,0,4,1,5,1,1,,,0
Patrick Agyemang,us USA,"FW,MF",Derby County,25-108,2000,24.2,3,0,0,49,45,16,11,2,3,,,0
Ali Ahmed,ca CAN,MF,Norwich City,25-136,2000,5,0,0,0,5,15,3,12,7,5,,,0
Semi Ajayi,ng NGA,DF,Hull City,32-106,1993,9.7,0,0,0,4,7,0,5,13,10,,,0
Babajide Akintola,ng NGA,MF,Hull City,30-041,1996,5.7,4,0,0,16,6,5,6,2,11,,,0
Chuba Akpom,eng ENG,"MF,FW",Ipswich Town,30-137,1995,8.9,1,0,0,10,24,2,0,1,4,,,0
Yisa Alao,,MF,Sheffield Weds,,,0.7,0,0,0,3,0,0,1,2,0,,,0
Ryan Alebiosu,ng NGA,"MF,DF",Blackburn Rovers,24-068,2001,23.2,3,0,0,16,6,2,125,17,35,,,0
Ajibola Alese,eng ENG,DF,Portsmouth,25-037,2001,0.1,1,0,0,0,0,0,2,0,0,,,0
Cruz Allen,wls WAL,MF,Derby County,18-363,2007,0,0,0,0,0,0,0,0,0,0,,,0
Jamie Allen,eng ENG,MF,Coventry City,31-025,1995,6.2,0,0,0,5,1,0,0,6,6,,,0
Max Alleyne,eng ENG,DF,Watford,20-217,2005,14,2,0,0,4,8,1,3,17,18,,,1
Millenic Alli,ie IRL,MF,Portsmouth,26-017,2000,7.7,1,0,0,9,9,6,20,2,3,,,0
Ryan Allsop,eng ENG,GK,Birmingham City,33-251,1992,10,2,0,0,0,4,0,0,0,0,,,0
Olabade Aluko,,DF,Leicester City,,,1.7,2,1,1,3,3,0,0,0,1,,,0
Papa Amadou Diallo,sn SEN,MF,Norwich City,21-243,2004,5.9,1,0,0,3,4,3,11,3,8,,,0
Harry Amass,eng ENG,MF,Norwich City,18-344,2007,0.2,0,0,0,0,0,0,0,1,0,,,0
Harry Amass,eng ENG,MF,Sheffield Weds,18-344,2007,20.7,3,0,0,20,37,1,47,31,40,,,1
Jaydon Amauri Banel,nl NED,"FW,MF",Derby County,21-127,2004,0.6,0,0,0,1,2,0,0,0,0,,,0
Karoy Anderson,jm JAM,MF,Charlton Athletic,21-145,2004,5.9,2,0,0,12,4,1,1,2,12,,,0
Keshi Anderson,eng ENG,"FW,MF",Portsmouth,30-323,1995,0.5,0,0,0,0,0,0,1,0,0,,,0
Keshi Anderson,eng ENG,MF,Birmingham City,30-323,1995,8.1,2,0,0,8,20,5,33,3,11,,,0
Kai Andrews,wls WAL,MF,Coventry City,19-201,2006,0.7,0,0,0,0,2,0,0,0,1,,,0
Ryan Andrews,eng ENG,"DF,MF",Watford,21-181,2004,0.3,1,0,0,1,1,0,0,0,1,,,0
Robert Apter,sct SCO,MF,Charlton Athletic,22-306,2003,6.5,1,0,0,3,6,0,50,1,9,,,0
Oliver Arblaster,eng ENG,MF,Sheffield United,21-294,2004,7.2,2,0,0,6,2,0,2,14,5,,,0
Cameron Archer,eng ENG,FW,Southampton,24-217,2001,7.3,1,0,0,13,8,8,3,0,3,,,0
Joe Aribo,ng NGA,"FW,MF",Southampton,29-217,1996,1.3,1,0,0,1,0,0,1,1,1,,,0
Joe Aribo,ng NGA,MF,Leicester City,29-217,1996,1.2,1,0,0,1,0,0,0,0,1,,,0
Adam Armstrong,eng ENG,"FW,MF",Southampton,29-013,1997,22.6,4,0,0,26,13,14,9,7,11,,,0
Harrison Armstrong,eng ENG,MF,Preston North End,19-035,2007,12.5,3,0,0,11,21,0,7,11,9,,,0
Sinclair Armstrong,ie IRL,FW,Bristol City,22-246,2003,14.6,5,0,0,26,32,9,6,1,6,,,0
Harry Ashfield,eng ENG,MF,Wrexham,19-337,2006,0,0,0,0,0,0,0,0,0,0,,,0
Tom Atcheson,nir NIR,DF,Blackburn Rovers,19-154,2006,3.6,1,0,0,5,0,0,2,6,4,,,0
Robert Atkinson,eng ENG,DF,Bristol City,27-225,1998,20,1,0,0,5,25,1,4,26,24,,,0
Jordan Ayew,gh GHA,"FW,MF",Leicester City,34-165,1991,22,4,0,0,45,50,7,48,10,19,,,0
Luke Ayling,eng ENG,DF,Middlesbrough,34-182,1991,26.7,6,0,0,17,39,0,31,28,44,,,0
Finn Azaz,ie IRL,"MF,FW",Southampton,25-169,2000,22.4,1,0,0,22,21,3,31,5,19,,,0
Finn Azaz,ie IRL,MF,Middlesbrough,25-169,2000,1,0,0,0,0,0,0,3,2,1,,,0
Femi Azeez,eng ENG,MF,Millwall,24-263,2001,18.6,1,1,0,31,16,17,152,8,20,,,0
Ivan Azón,es ESP,FW,Ipswich Town,23-061,2002,11.7,0,0,0,9,15,9,3,0,2,,,0
Kwadwo Baah,eng ENG,"MF,FW",Watford,23-027,2003,8.2,4,0,0,16,20,3,29,2,2,,,0
Lewis Baker,eng ENG,MF,Stoke City,30-304,1995,11.1,1,0,0,13,10,1,12,11,7,,,0
Thierno Ballo,at AUT,MF,Millwall,24-052,2002,16.2,4,0,0,26,15,6,26,9,16,,,0
Patrick Bamford,eng ENG,FW,Sheffield United,32-171,1993,9.9,2,1,1,23,20,9,0,2,6,,,0
Alex Bangura,sl SLE,DF,Middlesbrough,26-225,1999,4.8,0,0,0,2,15,0,16,3,3,,,0
Raees Bangura-Williams,,MF,Millwall,,,5.1,2,0,0,13,9,1,3,3,6,,,0
Tamer Bani Odeh,jo JOR,FW,West Bromwich Albion,22-127,2003,0,0,0,0,0,0,0,0,0,0,,,0
Barry Bannan,sct SCO,MF,Sheffield Weds,36-084,1989,27.2,7,1,1,14,15,1,140,32,24,,,0
Barry Bannan,sct SCO,MF,Millwall,36-084,1989,1.8,1,0,0,2,1,0,9,4,0,,,0
Moussa Baradji,fr FRA,"MF,FW",Blackburn Rovers,25-095,2000,11.1,3,0,0,23,16,0,12,15,26,,,0
Ryan Barnett,eng ENG,MF,Wrexham,26-153,1999,4.7,0,0,0,0,5,0,38,3,1,,,0
Louie Barry,eng ENG,"MF,FW",Sheffield United,22-247,2003,4.9,1,0,0,3,2,2,24,0,6,,,0
Danny Batth,eng ENG,DF,Derby County,35-155,1990,6.7,1,0,0,9,7,0,0,13,1,,,0
Nathan Baxter,eng ENG,GK,Watford,27-107,1998,6.5,0,0,0,0,0,0,0,0,0,,,0
Gavin Bazunu,ie IRL,GK,Stoke City,24-003,2002,1,0,0,0,0,1,0,0,0,0,,,0
Gavin Bazunu,ie IRL,GK,Southampton,24-003,2002,19,1,0,0,1,8,0,0,0,0,,,0
James Beadle,eng ENG,GK,Birmingham City,21-222,2004,23,3,0,0,1,3,0,0,1,0,,,0
Asmir Begović,ba BIH,GK,Leicester City,38-248,1987,7.5,2,0,0,0,3,0,0,0,0,,,0
Amari'i Bell,jm JAM,"DF,MF",Charlton Athletic,31-294,1994,20.7,3,0,0,14,29,0,13,21,19,,,0
Sam Bell,eng ENG,MF,Bristol City,23-276,2002,1.7,0,0,0,1,1,2,1,3,2,,,0
Bachir Belloumi,dz ALG,MF,Hull City,23-267,2002,5.8,1,0,0,4,6,5,14,11,8,,,0
Anis Ben Slimane,tn TUN,MF,Norwich City,24-344,2001,6.4,2,0,0,7,4,0,5,7,14,,,0
Steven Benda,de GER,GK,Millwall,27-145,1998,9,0,0,0,0,6,0,0,0,0,,,0
Daniel Bennie,au AUS,"MF,FW",Queens Park Rangers,19-316,2006,3.4,1,0,0,3,0,1,7,0,3,,,0
Victor Bernth Kristiansen,dk DEN,DF,Leicester City,23-069,2002,1.9,0,0,0,0,0,0,5,1,6,,,0
Luke Berry,eng ENG,MF,Charlton Athletic,33-226,1992,4.7,1,0,0,14,7,1,1,1,4,,,0
Florian Bianchini,fr FRA,MF,Portsmouth,24-243,2001,5.7,0,0,0,8,9,1,27,1,10,,,0
Jake Bidwell,eng ENG,DF,Coventry City,32-339,1993,2.9,1,0,0,2,1,1,8,3,4,,,0
Krystian Bielik,pl POL,"DF,MF",West Bromwich Albion,28-050,1998,9,1,0,0,13,8,0,2,17,12,,,0
Tyler Bindon,nz NZL,DF,Sheffield United,21-027,2005,14.9,1,0,0,17,10,2,0,19,15,,,1
Max Bird,eng ENG,MF,Bristol City,25-158,2000,1.8,1,0,0,3,1,0,6,3,4,,,0
Colby Bishop,eng ENG,FW,Portsmouth,29-111,1996,26.4,2,0,0,25,25,12,3,5,8,,,0
Corey Blackett-Taylor,eng ENG,MF,Derby County,28-153,1997,3,0,0,0,2,1,1,10,4,2,,,0
Harvey Blair,eng ENG,MF,Portsmouth,22-162,2003,3,0,0,0,3,4,0,11,0,1,,,0
Eric Bocat,fr FRA,"DF,MF",Stoke City,26-222,1999,9,0,0,0,4,8,0,23,20,11,,,0
Marc Bola,eng ENG,"DF,MF",Watford,28-076,1997,26,2,0,0,12,14,4,102,43,18,,,0
Neto Borges,br BRA,"DF,MF",Middlesbrough,29-163,1996,0.1,0,0,0,0,0,0,0,0,0,,,0
Neto Borges,br BRA,"MF,DF",Bristol City,29-163,1996,18.8,4,0,0,20,18,5,70,34,30,,,0
Raphael Borges Rodrigues,au AUS,MF,Coventry City,22-165,2003,0.4,0,0,0,2,1,0,0,0,1,,,0
Oliver Bostock,wls WAL,FW,West Bromwich Albion,19-003,2007,0.1,0,0,0,0,1,0,1,0,0,,,0
Edoardo Bove,it ITA,MF,Watford,23-283,2002,0.1,0,0,0,0,0,0,1,0,0,,,0
Ibane Bowat,sct SCO,DF,Portsmouth,23-161,2002,6.4,1,0,0,8,2,0,2,16,5,,,0
Róbert Boženík,sk SVK,FW,Stoke City,26-097,1999,7,2,0,0,30,9,13,2,2,3,,,0
Tom Bradshaw,wls WAL,FW,Oxford United,33-211,1992,0.8,0,0,0,0,3,0,1,0,0,,,0
Cameron Bragg,eng ENG,MF,Southampton,20-319,2005,3.8,1,0,0,3,2,0,1,1,10,,,0
Cameron Brannagan,eng ENG,MF,Oxford United,29-290,1996,22.5,7,0,0,19,34,0,53,18,22,,,0
Brau,es ESP,DF,Coventry City,24-058,2001,2.2,0,0,0,1,2,0,5,0,3,,,0
James Bree,eng ENG,DF,Southampton,28-135,1997,4.9,1,0,0,7,0,0,20,2,4,,,0
James Bree,eng ENG,"MF,DF",Charlton Athletic,28-135,1997,18.6,7,0,0,22,8,1,122,17,12,,,0
Ben Brereton,cl CHI,"MF,FW",Derby County,26-311,1999,22.9,4,0,0,29,16,4,28,4,3,,,0
Rhian Brewster,eng ENG,"MF,FW",Derby County,25-328,2000,13.1,1,0,0,13,15,1,11,2,5,,,0
Callum Brittain,eng ENG,"DF,MF",Middlesbrough,27-348,1998,27.2,5,0,0,26,16,1,127,31,28,,,0
Nathan Broadhead,wls WAL,"FW,MF",Ipswich Town,27-324,1998,0.3,0,0,0,1,1,0,0,0,0,,,0
Nathan Broadhead,wls WAL,"FW,MF",Wrexham,27-324,1998,15.2,0,0,0,9,12,5,9,4,6,,,0
Andre Brooks,eng ENG,MF,Sheffield United,22-187,2003,19.2,3,0,0,21,17,5,31,9,32,,,0
Ciaron Brown,nir NIR,DF,Oxford United,28-040,1998,23.9,4,0,0,11,21,1,3,39,14,,,0
Dajaune Brown,jm JAM,FW,Derby County,20-130,2005,0,0,0,0,0,0,0,0,0,0,,,0
George Brown,,FW,Sheffield Weds,,,3.4,0,0,0,4,8,2,2,1,0,,,0
Jacob Brown,sct SCO,FW,Portsmouth,27-319,1998,1.3,0,0,0,1,2,0,1,1,1,,,0
Alan Browne,ie IRL,"MF,DF",Middlesbrough,30-314,1995,18.1,1,0,0,16,27,1,13,27,16,,,0
Lewis Brunt,eng ENG,DF,Wrexham,25-109,2000,6.1,1,0,0,5,5,0,0,6,4,,,0
Joe Bryan,eng ENG,DF,Millwall,32-159,1993,7.7,4,1,0,13,4,0,19,14,11,,,0
Solomon Brynn,eng ENG,GK,Middlesbrough,25-116,2000,33,0,0,0,1,4,0,0,0,2,,,0
Cameron Burgess,au AUS,DF,Swansea City,30-125,1995,33,7,0,0,10,16,3,5,43,23,,,3
Delano Burgzorg,sr SUR,"MF,FW",Middlesbrough,27-108,1998,12,1,0,0,6,22,12,15,3,7,,,0
Delano Burgzorg,sr SUR,MF,Bristol City,27-108,1998,1.7,1,0,0,2,0,1,1,0,0,,,0
Reece Burke,eng ENG,DF,Charlton Athletic,29-174,1996,8.3,1,0,0,11,6,3,10,12,6,,,0
Wes Burns,wls WAL,MF,Ipswich Town,31-092,1994,4,1,0,0,6,3,1,18,3,1,,,0
Rumarn Burrell,jm JAM,FW,Queens Park Rangers,25-069,2000,20.5,3,0,0,24,16,15,22,4,5,,,0
Harrison Burrows,eng ENG,"DF,MF",Sheffield United,24-042,2002,20.6,1,0,0,7,24,0,134,16,20,,,0
Josef Bursik,eng ENG,GK,Portsmouth,25-226,2000,9,1,0,0,0,3,0,0,0,0,,,0
Gustavo Caballero,py PAR,MF,Portsmouth,24-155,2001,1.8,0,0,0,5,2,1,8,1,2,,,0
Ben Cabango,wls WAL,DF,Swansea City,25-269,2000,31.8,8,0,0,20,19,3,4,36,37,,,0
Liberato Cacace,nz NZL,MF,Wrexham,25-149,2000,8,0,0,0,9,12,1,31,8,4,,,0
Bailey-Tye Cadamarteri,jm JAM,FW,Sheffield Weds,20-290,2005,23.4,2,0,0,32,14,5,6,9,11,,,0
Jens Cajuste,se SWE,MF,Ipswich Town,26-197,1999,12.5,1,0,0,13,19,0,8,8,17,,,0
George Campbell,us USA,DF,West Bromwich Albion,24-246,2001,21.5,5,0,0,20,15,0,41,13,32,,,0
Tyreece Campbell,jm JAM,"MF,FW",Charlton Athletic,22-162,2003,24.6,3,0,0,20,27,9,65,10,14,,,0
Tyrese Campbell,eng ENG,FW,Sheffield United,26-057,1999,18.9,2,0,0,29,7,10,14,1,8,,,0
Thomas Cannon,ie IRL,FW,Sheffield United,23-057,2002,13.9,1,0,0,17,10,7,4,1,3,,,0
Todd Cantwell,eng ENG,MF,Blackburn Rovers,27-361,1998,18.4,9,0,0,19,44,4,105,18,25,,,0
Sonny Carey,eng ENG,"MF,FW",Charlton Athletic,25-034,2001,26.6,4,0,0,19,25,0,83,14,22,,,0
Julián Carranza,ar ARG,FW,Leicester City,25-277,2000,3.5,1,0,0,9,4,2,1,2,5,,,0
Hayden Carter,eng ENG,DF,Blackburn Rovers,26-068,1999,4.4,1,0,0,5,0,0,1,5,2,,,0
Kaelan Casey,eng ENG,DF,Swansea City,21-118,2004,3.2,0,0,0,1,1,1,0,2,0,,,0
Eiran Cashin,ie IRL,DF,Blackburn Rovers,24-106,2001,7,4,0,0,10,0,0,11,12,23,,,1
Eiran Cashin,ie IRL,DF,Birmingham City,24-106,2001,4.7,0,0,0,1,3,0,6,6,9,,,0
Leo Castledine,eng ENG,FW,Middlesbrough,20-187,2005,1.5,0,0,0,1,4,1,1,0,1,,,0
Žan Celar,si SVN,FW,Queens Park Rangers,26-346,1999,0.8,0,0,0,0,0,0,0,0,0,,,0
Ilias Chair,ma MAR,MF,Queens Park Rangers,28-116,1997,8.9,1,0,0,4,3,5,57,6,9,,,0
Giorgi Chakvetadze,ge GEO,"MF,FW",Watford,26-178,1999,10.6,5,0,0,7,15,0,29,6,11,,,0
Nathaniel Chalobah,eng ENG,MF,Sheffield Weds,31-073,1994,0.8,1,0,0,1,0,0,0,2,1,,,0
Luke Chambers,eng ENG,MF,Charlton Athletic,21-244,2004,4.9,2,0,0,5,1,1,18,4,4,,,0
Archie Chaplin,eng ENG,DF,Middlesbrough,20-118,2005,0,0,0,0,0,0,0,0,0,0,,,0
Conor Chaplin,eng ENG,MF,Portsmouth,29-007,1997,17.7,1,0,0,14,26,0,66,11,16,,,0
Conor Chaplin,eng ENG,MF,Ipswich Town,29-007,1997,1.5,1,0,0,0,2,1,2,0,0,,,0
Pierce Charles,nir NIR,GK,Sheffield Weds,20-217,2005,9,0,0,0,0,2,0,0,0,0,,,0
Shea Charles,nir NIR,MF,Southampton,22-110,2003,13.8,5,0,0,24,36,0,16,16,20,,,0
Tahith Chong,cw CUW,MF,Sheffield United,26-081,1999,4.3,0,0,0,3,8,0,11,3,3,,,0
Hamza Choudhury,bd BAN,"DF,MF",Leicester City,28-145,1997,12.1,4,0,0,9,10,0,7,15,16,,,0
Benjamin Chrisene,eng ENG,DF,Norwich City,22-042,2004,12.2,3,0,0,10,12,1,15,7,18,,,0
Lamine Cissé,fr FRA,"MF,FW",Stoke City,23-008,2003,11.8,3,0,0,21,22,6,17,8,10,,,0
Bobby Clark,eng ENG,MF,Derby County,21-016,2005,24.8,4,0,0,35,25,5,23,16,30,,,0
Harry Clarke,eng ENG,MF,Charlton Athletic,24-358,2001,6,3,0,0,4,2,1,19,5,5,,,0
Jack Clarke,eng ENG,MF,Ipswich Town,25-092,2000,17.3,2,0,0,26,37,1,43,12,18,,,0
Matthew Clarke,eng ENG,DF,Derby County,29-154,1996,31.9,7,1,1,32,17,4,5,46,37,,,1
Jake Clarke-Salter,eng ENG,DF,Queens Park Rangers,28-154,1997,2.7,0,0,0,1,0,0,2,5,0,,,0
Max Cleworth,wls WAL,DF,Wrexham,23-198,2002,31,5,0,0,21,7,3,18,33,36,,,1
Conor Coady,eng ENG,MF,Charlton Athletic,32-363,1993,4.1,1,0,0,0,3,1,1,7,2,,,0
Conor Coady,eng ENG,DF,Wrexham,32-363,1993,4.9,0,0,0,3,0,0,0,2,3,,,1
Josh Coburn,eng ENG,"FW,MF",Millwall,23-079,2002,9.6,1,0,0,17,20,3,6,4,5,,,0
Alex Cochrane,eng ENG,DF,Birmingham City,25-308,2000,17,3,0,0,10,19,0,94,17,12,,,0
Toby Collyer,eng ENG,MF,West Bromwich Albion,22-051,2004,2.9,0,0,0,5,1,0,2,3,6,,,0
Toby Collyer,eng ENG,MF,Hull City,22-051,2004,0.2,1,0,0,1,1,0,0,0,1,,,0
Tommy Conway,sct SCO,"FW,MF",Middlesbrough,23-201,2002,28.5,3,0,0,33,41,16,12,5,26,,,0
Steve Cook,eng ENG,DF,Queens Park Rangers,34-310,1991,22.1,2,0,0,7,18,0,6,23,11,,,0
Jake Cooper,eng ENG,DF,Millwall,31-020,1995,32,7,0,0,38,23,7,9,33,20,,,1
Liam Cooper,sct SCO,DF,Sheffield Weds,34-177,1991,10.1,3,0,0,10,6,2,0,20,7,,,0
Michael Cooper,eng ENG,GK,Sheffield United,26-138,1999,32.5,0,0,0,1,8,0,0,0,0,,,0
Murphy Cooper,eng ENG,GK,Sheffield Weds,24-058,2001,7,0,0,0,0,0,0,0,1,1,,,0
Oliver Cooper,wls WAL,MF,Swansea City,26-071,1999,0.3,0,0,0,1,1,0,0,0,1,,,0
José Cordoba,pa PAN,DF,Norwich City,24-354,2001,13.9,2,0,0,13,10,1,8,16,15,,,0
David Cornell,wls WAL,GK,Preston North End,34-332,1991,4,1,0,0,0,1,0,0,0,0,,,0
Harry Cornick,eng ENG,"FW,MF",Bristol City,30-320,1995,0.1,0,0,0,0,0,0,0,0,1,,,0
Conor Coventry,ie IRL,MF,Charlton Athletic,25-335,2000,24.7,6,0,0,35,7,1,70,29,25,,,0
Lewie Coyle,eng ENG,DF,Hull City,30-131,1995,24.4,6,0,0,26,26,0,93,21,21,,,0
Tristan Crama,fr FRA,DF,Millwall,24-107,2001,32.6,9,0,0,45,17,2,83,56,43,,,1
Aaron Cresswell,eng ENG,DF,Stoke City,36-070,1989,20,2,0,0,5,8,2,95,19,13,,,0
Ante Crnac,hr CRO,"MF,FW",Norwich City,22-068,2003,8.4,2,0,0,8,3,2,5,1,5,,,0
Max Crocombe,nz NZL,GK,Millwall,32-195,1993,23,0,0,0,0,4,0,0,0,2,,,0
Matt Crooks,eng ENG,MF,Hull City,32-034,1994,18.2,9,0,0,43,10,3,10,17,20,,,0
Liam Cullen,wls WAL,"MF,FW",Swansea City,26-306,1999,14.1,5,0,0,22,16,4,8,8,11,,,0
Jamie Cumming,eng ENG,GK,Oxford United,26-172,1999,33,1,0,0,1,2,0,0,0,0,,,0
Luke Cundle,eng ENG,MF,Millwall,23-303,2002,8.8,0,0,0,7,8,0,17,6,11,,,0
Jack Currie,eng ENG,DF,Oxford United,23-121,2002,18.9,5,0,0,25,15,0,37,36,50,,,0
Patson Daka,zm ZAM,FW,Leicester City,27-137,1998,12.7,1,0,0,14,22,8,4,1,4,,,0
Harry Darling,eng ENG,DF,Norwich City,26-199,1999,24.5,6,0,0,12,30,3,3,31,14,,,0
Jay Dasilva,wls WAL,DF,Coventry City,27-307,1998,27.8,5,1,0,17,7,0,70,28,32,,,0
Adam Davies,wls WAL,GK,Sheffield United,33-221,1992,0.5,0,0,0,0,0,0,0,0,0,,,0
Ben Davies,eng ENG,DF,Oxford United,30-196,1995,7.2,0,0,0,3,5,0,0,10,5,,,0
Tom Davies,eng ENG,MF,Sheffield United,27-238,1998,3.2,0,0,0,4,6,0,3,6,1,,,0
Leif Davis,eng ENG,DF,Ipswich Town,26-042,2000,27.8,3,0,0,18,37,9,160,19,16,,,0
Bobby De Cordova-Reid,jm JAM,MF,Leicester City,33-021,1993,13.2,1,1,0,9,7,3,9,6,9,,,0
Brian De Keersmaecker,be BEL,MF,Oxford United,25-293,2000,25,3,0,0,18,21,0,128,33,30,,,0
Dion De Neve,be BEL,MF,Blackburn Rovers,23-256,2002,9.4,0,0,0,2,0,1,72,3,19,,,0
Tom Dele-Bashiru,ng NGA,MF,Watford,26-159,1999,0.1,0,0,0,0,0,0,0,0,0,,,0
Karamoko Dembélé,eng ENG,MF,Queens Park Rangers,23-001,2003,16.9,3,0,0,14,28,3,60,7,16,,,0
Siriki Dembélé,ci CIV,MF,Oxford United,29-169,1996,7.3,2,0,0,9,21,0,22,5,7,,,0
Enis Destan,tr TUR,FW,Hull City,23-253,2002,4.9,4,0,0,13,2,0,1,1,1,,,0
Alfie Devine,eng ENG,MF,Preston North End,21-206,2004,24.4,3,0,0,17,20,2,101,11,28,,,0
Terry Devlin,nir NIR,"DF,MF",Portsmouth,22-109,2003,18.3,1,1,0,15,22,0,46,32,27,,,0
Ousmane Diakité,ml MLI,MF,West Bromwich Albion,25-213,2000,15,3,0,0,15,21,0,5,21,22,,,1
Tyler Dibling,eng ENG,MF,Southampton,19-348,2006,0.1,0,0,0,1,0,0,0,1,0,,,0
Robert Dickie,eng ENG,DF,Bristol City,29-357,1996,28.7,4,0,0,14,29,0,2,44,21,,,0
Seny Dieng,sn SEN,GK,Sheffield Weds,31-092,1994,1,0,0,0,0,1,0,0,0,0,,,0
Daryl Dike,us USA,FW,West Bromwich Albion,25-265,2000,2.1,0,0,0,10,2,2,2,0,0,,,0
Nathan Dlamini,,FW,Blackburn Rovers,,,0.3,0,0,0,0,0,0,0,0,0,,,0
Lewis Dobbin,eng ENG,FW,Preston North End,23-051,2003,17.3,1,0,0,12,18,4,9,1,7,,,0
George Dobson,eng ENG,MF,Wrexham,28-100,1997,23,6,0,0,25,18,2,27,22,46,,,0
Greg Docherty,sct SCO,MF,Charlton Athletic,29-166,1996,22.1,4,0,0,32,15,1,8,22,27,,,0
Aodhan Doherty,nir NIR,MF,Blackburn Rovers,19-296,2006,0.9,0,0,0,1,1,0,2,0,2,,,0
Jamie Donley,nir NIR,MF,Stoke City,21-051,2005,0.9,0,0,0,0,1,0,0,0,0,,,0
Jamie Donley,nir NIR,MF,Oxford United,21-051,2005,0.4,0,0,0,0,2,0,0,0,0,,,0
Alfie Doughty,eng ENG,"DF,MF",Millwall,26-064,1999,14.7,4,0,0,21,4,1,132,17,16,,,0
Mamadou Doumbia,ml MLI,"FW,MF",Watford,20-005,2006,15,4,0,0,28,15,7,13,4,6,,,0
Kieran Dowell,eng ENG,MF,Hull City,28-136,1997,1.7,1,0,0,3,0,1,2,2,0,,,0
Flynn Downes,eng ENG,MF,Southampton,27-034,1999,21.1,9,0,0,39,20,1,5,31,31,,,0
Damion Downs,us USA,FW,Southampton,21-232,2004,3.1,1,0,0,4,1,2,0,0,0,,,0
Callum Doyle,eng ENG,DF,Wrexham,22-143,2003,18.9,4,1,0,14,11,2,25,25,15,,,0
Tommy Doyle,eng ENG,MF,Birmingham City,24-129,2001,17.6,1,1,0,20,12,0,90,22,18,,,0
Andre Dozzell,eng ENG,MF,Portsmouth,26-297,1999,27.7,7,0,0,29,13,2,39,16,16,,,0
Cody Drameh,eng ENG,"DF,MF",Hull City,24-077,2001,8.7,1,0,0,1,6,0,11,7,17,,,0
Marvin Ducksch,de GER,"FW,MF",Birmingham City,31-353,1994,16,1,0,0,10,3,8,13,4,0,,,0
Shane Duffy,ie IRL,DF,Norwich City,34-053,1992,2.9,2,0,0,4,1,1,0,2,2,,,0
Jimmy Dunne,ie IRL,DF,Queens Park Rangers,28-127,1997,30.7,4,0,0,26,20,3,21,28,32,,,0
Pierre Dwomoh,be BEL,MF,Watford,21-247,2004,0,0,0,0,0,0,0,0,0,0,,,0
Lyndon Dykes,sct SCO,FW,Charlton Athletic,30-139,1995,7.4,1,0,0,10,10,1,2,2,4,,,0
Lyndon Dykes,sct SCO,"MF,FW",Birmingham City,30-139,1995,4.9,1,0,0,13,4,1,4,3,4,,,0
Owen Eames,,MF,Derby County,,,0.2,0,0,0,1,1,0,0,0,0,,,0
George Earthy,eng ENG,MF,Bristol City,21-171,2004,2.1,1,0,0,5,2,0,2,1,2,,,0
Josh Eccles,eng ENG,MF,Coventry City,25-323,2000,12.2,5,0,0,15,23,0,14,8,7,,,0
George Edmundson,eng ENG,DF,Middlesbrough,28-176,1997,2.4,1,0,0,2,0,0,0,5,2,,,1
Samuel Edozie,eng ENG,"FW,MF",Southampton,23-026,2003,0.5,0,0,0,0,0,0,5,0,1,,,0
Joshua Edwards,eng ENG,"DF,MF",Charlton Athletic,25-272,2000,6.1,1,0,0,7,15,0,30,1,5,,,0
Ronnie Edwards,eng ENG,DF,Southampton,22-332,2003,7.4,0,0,0,4,4,0,3,4,5,,,0
Ronnie Edwards,eng ENG,DF,Queens Park Rangers,22-332,2003,4,1,0,0,4,1,0,2,6,1,,,0
John Egan,ie IRL,DF,Hull City,33-126,1992,26.2,5,0,0,14,20,2,1,27,24,,,0
Sindre Egeli,no NOR,MF,Ipswich Town,19-247,2006,13.8,2,0,0,22,8,1,53,3,9,,,0
Noah Eile,se SWE,DF,Bristol City,23-219,2002,1,0,0,0,0,0,0,0,1,1,,,0
Callum Elder,au AUS,"MF,DF",Derby County,31-027,1995,23.8,8,0,0,26,14,2,170,27,37,,,0
Aidomo Emakhu,ie IRL,MF,Oxford United,22-120,2003,1.8,0,0,0,1,4,1,5,2,3,,,0
Aidomo Emakhu,ie IRL,MF,Millwall,22-120,2003,12.9,0,0,0,13,24,8,89,8,16,,,0
Joe Emery,,DF,Sheffield Weds,,,0,0,0,0,0,0,0,0,0,0,,,0
Yunus Emre Konak,tr TUR,MF,Oxford United,20-044,2006,1.1,2,0,0,2,6,0,0,0,0,,,0
Esquerdinha,br BRA,DF,Queens Park Rangers,19-360,2006,5.7,0,0,0,3,6,0,11,5,11,,,0
Romain Esse,eng ENG,MF,Coventry City,20-286,2005,4.2,2,0,0,6,8,3,14,1,7,,,0
Milan van Ewijk,nl NED,DF,Coventry City,25-168,2000,30.2,8,0,0,27,14,2,80,43,51,,,0
Wout Faes,be BEL,DF,Leicester City,27-326,1998,9.5,1,0,0,6,3,0,2,8,5,,,0
Akin Famewo,eng ENG,DF,Hull City,27-106,1998,6.1,1,0,0,2,8,0,5,7,12,,,0
Jacob Farrell,au AUS,DF,Portsmouth,23-096,2002,0.1,0,0,0,0,1,0,0,0,0,,,0
Abdul Fatawu Issahaku,gh GHA,MF,Leicester City,21-352,2004,30,6,0,0,37,47,12,133,17,19,,,0
Favour Fawunmi,eng ENG,MF,Stoke City,19-303,2006,0.4,1,0,0,1,1,0,0,0,1,,,0
Tom Fellows,eng ENG,MF,Southampton,22-213,2003,18.6,2,0,0,15,23,6,68,8,19,,,0
Tom Fellows,eng ENG,MF,West Bromwich Albion,22-213,2003,2.6,0,0,0,2,3,1,15,0,0,,,0
Bruno Fernandes,pt POR,FW,Sheffield Weds,20-045,2006,0.2,0,0,0,0,0,0,0,0,1,,,0
Mateus Fernandes,pt POR,MF,Southampton,21-228,2004,2.1,0,0,0,2,2,0,13,1,2,,,0
Jayden Fevrier,eng ENG,MF,Charlton Athletic,22-315,2003,0.8,0,0,0,0,0,0,3,0,1,,,0
Sam Field,eng ENG,MF,Norwich City,27-291,1998,2.3,1,0,0,2,3,0,0,1,3,,,0
Sam Field,eng ENG,"MF,DF",Queens Park Rangers,27-291,1998,9.5,0,0,0,9,9,2,1,8,9,,,0
Kellen Fisher,eng ENG,"DF,MF",Norwich City,21-294,2004,26.3,7,0,0,37,30,2,62,35,49,,,0
Adam Forshaw,eng ENG,MF,Blackburn Rovers,34-138,1991,3.9,3,0,0,4,6,0,9,5,3,,,0
Amankwah Forson,gh GHA,MF,Norwich City,23-054,2002,4.9,0,0,0,3,2,0,7,0,8,,,0
Marcus Forss,fi FIN,"FW,MF",Middlesbrough,26-250,1999,0,0,0,0,1,1,0,0,0,0,,,0
Craig Forsyth,sct SCO,"DF,MF",Derby County,36-364,1989,9.9,2,0,0,4,2,0,23,16,13,,,0
Gonçalo Franco,pt POR,MF,Swansea City,25-098,2000,26.3,5,0,0,44,53,1,29,30,52,,,0
Ryan Fraser,sct SCO,MF,Southampton,31-364,1994,9.8,0,0,0,3,8,4,54,4,4,,,0
Oscar Fraulo,dk DEN,MF,Derby County,22-079,2003,2.3,0,0,0,7,4,0,2,7,1,,,0
Michael Frey,ch SUI,FW,Queens Park Rangers,31-219,1994,3.5,0,0,0,9,0,3,3,1,4,,,0
Dael Fry,eng ENG,DF,Middlesbrough,28-177,1997,12.4,0,0,0,6,10,1,0,9,6,,,0
Mads Frøkjær-Jensen,dk DEN,"MF,FW",Preston North End,26-209,1999,5.7,0,0,0,8,5,0,12,3,8,,,0
Leo Fuhr Hjelde,no NOR,DF,Sheffield United,22-181,2003,0.2,0,0,0,0,1,0,0,0,1,,,0
Kanya Fujimoto,jp JPN,MF,Birmingham City,26-237,1999,0,0,0,0,1,0,0,1,1,0,,,0
Ibrahim Fullah,eng ENG,"MF,FW",Charlton Athletic,18-324,2007,3.2,1,0,0,3,3,0,3,2,2,,,0
Jay Fulton,sct SCO,MF,Swansea City,31-328,1994,8.9,4,0,0,16,7,1,1,14,9,,,0
Darnell Furlong,eng ENG,DF,West Bromwich Albion,30-115,1995,3,2,1,1,6,2,0,4,2,2,,,0
Darnell Furlong,eng ENG,DF,Ipswich Town,30-115,1995,24.5,8,0,0,37,32,1,31,34,21,,,0
Kyogo Furuhashi,jp JPN,FW,Birmingham City,31-034,1995,11.2,1,0,0,19,9,8,7,7,4,,,0
Sean Fusire,zw ZIM,MF,Sheffield Weds,20-268,2005,14,4,0,0,10,13,0,12,23,20,,,0
Ethan Galbraith,nir NIR,"MF,DF",Swansea City,24-288,2001,29.2,5,0,0,25,37,1,59,37,32,,,0
Sam Gallagher,eng ENG,FW,Stoke City,30-161,1995,3.1,0,0,0,8,7,4,2,0,5,,,0
Taylor Gardner-Hickman,eng ENG,MF,Blackburn Rovers,24-055,2001,14.6,7,0,0,17,18,0,44,18,17,,,0
Taylor Gardner-Hickman,eng ENG,"DF,MF",Birmingham City,24-055,2001,0,0,0,0,1,0,0,0,0,0,,,0
Joe Gelhardt,eng ENG,MF,Hull City,23-295,2002,20.6,3,0,0,17,40,1,54,11,24,,,0
Liam Gibbs,eng ENG,MF,Norwich City,23-069,2002,5,0,0,0,4,7,0,30,2,2,,,0
Ben Gibson,eng ENG,DF,Stoke City,33-039,1993,2.8,1,0,0,2,1,0,0,7,3,,,0
Lewis Gibson,eng ENG,DF,Preston North End,25-219,2000,18.4,1,0,0,10,19,0,4,22,14,,,0
Alexander Gilbert,ie IRL,MF,Middlesbrough,24-057,2001,7.5,5,0,0,8,3,0,4,9,9,,,0
Alfie Gilchrist,eng ENG,DF,West Bromwich Albion,22-087,2003,5.3,0,1,0,5,5,0,3,8,5,,,0
Ryan Giles,eng ENG,"DF,MF",Hull City,26-028,2000,24,6,0,0,15,2,3,179,12,17,,,0
Macaulay Gillesphey,eng ENG,DF,Charlton Athletic,30-091,1995,19,2,0,0,13,3,1,21,12,13,,,1
Brodie Gilmore,nir NIR,"DF,MF",Oxford United,21-293,2004,15.9,4,0,0,20,12,0,21,21,37,,,0
Matthew Godden,eng ENG,MF,Charlton Athletic,34-209,1991,1.5,1,0,0,2,0,2,1,1,0,,,0
Ben Godfrey,eng ENG,DF,Sheffield United,28-039,1998,3.5,0,0,0,3,0,0,5,4,5,,,0
Saba Goglichidze,ge GEO,DF,Watford,21-243,2004,1.8,0,0,0,0,3,0,0,0,4,,,0
Tyler Goodhram,eng ENG,MF,Oxford United,22-200,2003,7.6,2,0,0,13,19,0,21,5,7,,,0
Kenzo Goudmijn,nl NED,MF,Derby County,24-067,2001,1.1,0,0,0,4,0,0,4,0,2,,,0
Keenan Gough,eng ENG,DF,Charlton Athletic,19-360,2006,1,0,0,0,2,0,0,0,4,4,,,0
Karlan Grant,eng ENG,MF,West Bromwich Albion,28-158,1997,17.2,3,0,0,9,25,5,76,8,8,,,0
Demarai Gray,jm JAM,MF,Birmingham City,29-240,1996,19.2,2,0,0,15,34,6,91,5,20,,,0
Jacob Greaves,eng ENG,DF,Ipswich Town,25-164,2000,11.1,2,0,0,8,10,0,6,10,6,,,0
Jack Grieves,eng ENG,FW,Watford,21-080,2004,0.2,0,0,0,0,0,0,0,1,0,,,0
Joshua Griffiths,eng ENG,GK,West Bromwich Albion,24-171,2001,21,0,0,0,0,2,0,0,0,0,,,0
Matt Grimes,eng ENG,MF,Coventry City,30-223,1995,32.9,4,0,0,17,25,0,213,25,39,,,0
Daniel Grimshaw,eng ENG,GK,Norwich City,28-038,1998,1,0,0,0,0,0,0,0,0,0,,,0
Makhtar Gueye,sn SEN,FW,Blackburn Rovers,28-081,1997,2.2,1,0,0,6,0,8,1,0,2,,,0
Andri Guðjohnsen,is ISL,FW,Blackburn Rovers,24-025,2002,15.9,1,0,0,20,21,3,3,2,0,,,0
Darko Gyabi,eng ENG,MF,Hull City,22-005,2004,7.8,0,0,0,12,10,1,2,3,6,,,0
Hayden Hackney,eng ENG,MF,Middlesbrough,23-242,2002,32,4,0,0,48,44,4,142,21,46,,,0
Amir Hadžiahmetović,ba BIH,MF,Hull City,28-352,1997,17.1,0,0,0,13,17,0,38,15,21,,,0
Ali Al Hamadi,iq IRQ,FW,Ipswich Town,23-359,2002,0.1,0,0,0,1,0,0,0,0,0,,,0
Ben Hamer,eng ENG,GK,Queens Park Rangers,38-095,1987,6.2,0,0,0,0,1,0,0,0,0,,,0
Gustavo Hamer,nl NED,MF,Sheffield United,28-244,1997,18.5,7,0,0,30,24,2,113,9,10,,,0
Micah Hamilton,eng ENG,MF,Middlesbrough,22-102,2003,0.6,0,0,0,1,0,1,0,0,0,,,0
Sontje Hansen,cw CUW,MF,Middlesbrough,23-287,2002,4,1,0,0,5,8,0,4,0,3,,,0
Ryan Hardie,sct SCO,FW,Wrexham,28-343,1997,2,0,0,0,0,0,0,4,1,1,,,0
Wes Harding,jm JAM,DF,Millwall,29-126,1996,2.3,0,0,0,5,1,2,2,4,4,,,0
Luke Harris,wls WAL,MF,Oxford United,20-326,2005,6.9,2,0,0,11,6,1,2,4,10,,,0
Mark Harris,wls WAL,FW,Oxford United,27-056,1998,9.9,3,0,0,19,10,6,6,3,4,,,0
Taylor Harwood-Bellis,eng ENG,DF,Southampton,24-024,2002,28,8,0,0,23,31,1,13,30,19,,,1
Isaac Hayden,jm JAM,MF,Queens Park Rangers,30-338,1995,11.2,4,0,0,14,9,1,12,15,17,,,0
Ryan Hedges,wls WAL,MF,Blackburn Rovers,30-230,1995,17,3,0,0,25,14,6,63,21,22,,,0
Aune Heggebø,no NOR,FW,West Bromwich Albion,24-209,2001,25.8,2,0,0,46,41,20,1,2,18,,,0
Torbjørn Heggem,no NOR,DF,West Bromwich Albion,27-042,1999,1,0,0,0,0,1,0,0,2,0,,,0
Michał Helik,pl POL,DF,Oxford United,30-167,1995,29.5,2,0,0,28,12,0,2,57,18,,,0
Axel Henriksson,se SWE,"MF,FW",Blackburn Rovers,23-313,2002,8.4,2,0,0,24,7,2,9,3,8,,,1
Onel Hernández,cu CUB,MF,Charlton Athletic,33-022,1993,2.5,1,0,0,5,2,0,2,4,3,,,0
Jaden Heskey,eng ENG,MF,Sheffield Weds,20-068,2005,7.2,2,0,0,14,8,0,2,13,10,,,0
Yu Hirakawa,jp JPN,MF,Bristol City,25-050,2001,5.8,2,0,0,5,12,0,16,5,12,,,0
Yu Hirakawa,jp JPN,MF,Hull City,25-050,2001,2.7,0,0,0,3,3,0,13,2,3,,,0
George Hirst,sct SCO,FW,Ipswich Town,27-008,1999,16.8,4,0,0,29,11,5,2,1,6,,,0
Ki-Jana Hoever,nl NED,DF,Sheffield United,24-036,2002,1.1,1,0,0,4,1,0,1,3,1,,,0
Tomi Horvat,si SVN,MF,Bristol City,26-336,1999,2.2,0,0,0,3,0,0,7,3,1,,,0
Ethan Horvath,us USA,GK,Sheffield Weds,30-259,1995,14,1,1,0,1,3,0,0,0,0,,,0
Andrew Hughes,wls WAL,DF,Preston North End,33-263,1992,24.6,8,0,0,30,14,1,34,32,24,,,1
Charlie Hughes,eng ENG,DF,Hull City,22-130,2003,28.5,3,0,0,28,19,0,4,32,23,,,0
Cameron Humphreys,eng ENG,MF,Ipswich Town,22-116,2003,0.1,0,0,0,0,0,0,2,1,1,,,0
Dominic Hyam,sct SCO,DF,Wrexham,30-065,1995,27.9,3,0,0,23,21,3,3,31,17,,,0
Dominic Hyam,sct SCO,DF,Blackburn Rovers,30-065,1995,4,0,0,0,2,2,0,0,2,2,,,0
Adam Idah,ie IRL,FW,Swansea City,25-012,2001,6.9,1,0,0,6,3,3,4,1,2,,,0
Samuel Iling-Junior,eng ENG,"MF,DF",West Bromwich Albion,22-142,2003,14.3,1,0,0,18,17,2,64,10,8,,,0
Danny Imray,eng ENG,"MF,DF",West Bromwich Albion,22-211,2003,1.2,1,0,0,5,2,0,5,2,3,,,0
Tom Ince,eng ENG,MF,Watford,34-024,1992,9.7,0,0,0,2,14,2,32,9,5,,,0
Svante Ingelsson,se SWE,MF,Sheffield Weds,27-254,1998,28.6,2,0,0,59,38,2,84,15,33,,,0
Danny Ings,eng ENG,FW,Sheffield United,33-215,1992,5.5,0,0,0,5,6,7,5,0,1,,,0
Zeidane Inoussa,se SWE,"MF,FW",Swansea City,23-286,2002,12.1,4,0,0,29,26,6,18,5,11,,,0
Dominic Iorfa,eng ENG,DF,Sheffield Weds,30-244,1995,21.6,6,0,0,21,17,1,2,25,29,,,0
Nestory Irankunda,au AUS,FW,Watford,20-014,2006,12.5,7,1,0,19,28,1,12,3,14,,,0
Mihailo Ivanović,rs SRB,FW,Millwall,21-086,2004,26.2,1,0,0,30,14,17,13,6,9,,,0
Daniel Iversen,dk DEN,GK,Preston North End,28-219,1997,26,1,0,0,0,1,0,0,0,0,,,0
Tomoki Iwata,jp JPN,"DF,MF",Birmingham City,28-322,1997,30.6,7,0,0,43,26,1,88,28,35,,,0
Kayden Jackson,eng ENG,"MF,FW",Derby County,32-001,1994,4.3,2,0,0,7,11,0,11,3,1,,,0
Matty Jacob,eng ENG,DF,Hull City,24-265,2001,2,0,0,0,3,2,0,1,5,5,,,0
Jordan James,wls WAL,MF,Leicester City,21-236,2004,19.4,4,0,0,24,14,1,101,7,22,,,0
Matty James,eng ENG,MF,Wrexham,34-216,1991,20,3,0,0,7,15,0,61,18,38,,,0
Caspar Jander,de GER,MF,Southampton,22-337,2003,23.3,5,0,0,33,30,0,6,26,44,,,0
Daniel Jebbison,ca CAN,FW,Preston North End,22-194,2003,14.7,2,0,0,26,24,10,4,5,6,,,0
Elias Jelert,dk DEN,"DF,MF",Southampton,22-256,2003,3.6,0,0,0,2,2,0,16,4,5,,,0
Jamaldeen Jimoh,eng ENG,MF,West Bromwich Albion,19-144,2006,2.1,0,0,0,3,6,1,3,3,6,,,0
Jeon Jinwoo,kr KOR,MF,Oxford United,26-167,1999,1,0,0,0,1,0,2,0,0,0,,,0
Eom Jisung,kr KOR,MF,Swansea City,23-290,2002,19,1,0,0,23,37,5,104,16,26,,,0
Viktor Johansson,se SWE,GK,Stoke City,27-162,1998,24,2,0,0,0,11,0,0,0,1,,,0
Ben Johnson,eng ENG,DF,Ipswich Town,26-030,2000,4,1,0,0,6,1,0,17,2,4,,,0
Reece Johnson,eng ENG,"MF,DF",Sheffield Weds,20-023,2006,4.9,1,0,0,8,5,0,5,9,8,,,0
Max Johnston,sct SCO,"DF,MF",Derby County,22-059,2003,8.7,1,0,0,4,0,2,68,3,8,,,0
Michael Johnston,ie IRL,MF,West Bromwich Albion,26-310,1999,24.4,3,0,0,21,21,2,189,5,12,,,0
Alfie Jones,ca CAN,DF,Middlesbrough,28-139,1997,20.9,3,1,0,17,6,0,2,19,27,,,0
Lloyd Jones,eng ENG,DF,Charlton Athletic,30-139,1995,32.4,7,0,0,46,33,3,1,49,18,,,0
Kyle Joseph,sct SCO,"MF,FW",Hull City,24-166,2001,19.6,4,0,0,40,27,10,9,8,22,,,0
Bae Junho,kr KOR,MF,Stoke City,22-186,2003,25.5,1,0,0,16,31,1,22,12,17,,,0
Matěj Jurásek,cz CZE,"MF,FW",Norwich City,22-177,2003,5.5,0,0,0,8,10,1,30,1,8,,,0
James Justin,eng ENG,DF,Leicester City,28-000,1998,1.7,0,0,0,1,5,0,1,1,1,,,0
Mathias Jørgensen,dk DEN,"MF,FW",Blackburn Rovers,25-156,2000,6.3,0,0,0,0,1,2,8,0,1,,,0
Issa Kaboré,bf BFA,MF,Wrexham,24-287,2001,14.9,1,0,0,16,27,1,84,19,20,,,0
Mamadou Kaly Sene,sn SEN,"FW,MF",Middlesbrough,24-271,2001,7,2,0,0,10,7,6,9,1,7,,,0
Abu Kamara,eng ENG,FW,Hull City,22-217,2003,1.1,0,0,0,0,1,0,1,0,1,,,0
Thomas Kaminski,be BEL,GK,Charlton Athletic,33-123,1992,33,2,0,0,0,7,0,0,0,0,,,0
Abdoulaye Kanté,fr FRA,MF,Middlesbrough,20-229,2005,0.9,0,0,0,2,0,0,0,1,3,,,0
Augustus Kargbo,sl SLE,MF,Blackburn Rovers,26-183,1999,5,0,0,0,7,10,4,13,2,6,,,0
Edo Kayembe,cd COD,MF,Watford,27-265,1998,18.5,3,0,0,15,8,0,28,10,7,,,0
Will Keane,ie IRL,"FW,MF",Preston North End,33-043,1993,0.3,0,0,0,0,0,0,0,0,0,,,0
Kévin Keben Biakolo,cm CMR,DF,Watford,22-028,2004,18.6,3,0,0,14,11,1,2,25,15,,,0
Davis Keillor-Dunn,eng ENG,"FW,MF",Wrexham,28-113,1997,0.2,0,0,0,0,0,0,0,0,0,,,0
Daniel Kelly,sct SCO,MF,Millwall,20-143,2005,3.8,0,0,0,4,3,0,3,2,5,,,0
Charlie Kelman,us USA,FW,Charlton Athletic,24-113,2001,13.1,1,0,0,17,5,11,10,1,3,,,0
Kaine Kesler-Hayden,eng ENG,"MF,DF",Coventry City,23-123,2002,5.3,1,0,0,4,11,0,12,6,10,,,0
Josh Key,eng ENG,"DF,MF",Swansea City,26-096,1999,18.2,2,0,0,19,15,0,56,13,22,,,0
Bilal El Khannouss,ma MAR,MF,Leicester City,21-289,2004,1.5,0,0,0,0,1,0,15,3,2,,,0
Ben Killip,eng ENG,GK,Portsmouth,30-091,1995,1.7,0,0,0,0,0,0,0,0,0,,,0
Cédric Kipré,ci CIV,DF,Ipswich Town,29-076,1996,21.6,5,0,0,10,16,3,9,21,12,,,1
Makenzie Kirk,nir NIR,FW,Portsmouth,22-017,2004,5,1,0,0,7,8,7,8,0,1,,,0
Liam Kitching,eng ENG,DF,Coventry City,26-145,1999,28.6,6,0,0,30,27,2,13,26,14,,,0
Luca Kjerrumgaard,dk DEN,FW,Watford,23-014,2003,22.9,1,0,0,25,14,5,4,6,6,,,0
Christoph Klarer,at AUT,DF,Birmingham City,25-254,2000,30,7,1,0,28,23,3,6,43,17,,,0
Harvey Knibbs,eng ENG,MF,Charlton Athletic,26-303,1999,5.8,4,0,0,15,8,2,6,2,7,,,0
Jason Knight,ie IRL,MF,Bristol City,25-010,2001,17.8,3,0,0,9,27,0,20,19,6,,,0
Josh Knight,eng ENG,DF,Portsmouth,28-169,1997,10.8,0,0,0,7,6,0,1,10,4,,,0
Olaf Kobacki,pl POL,MF,Sheffield Weds,24-228,2001,3.3,0,0,0,2,2,0,6,3,3,,,0
Rayan Kolli,dz ALG,"FW,MF",Queens Park Rangers,21-013,2005,5.8,0,0,0,7,12,2,13,3,4,,,0
Richard Kone,ci CIV,"FW,MF",Queens Park Rangers,22-223,2003,26.3,4,0,0,51,18,14,5,5,17,,,0
Márk Kosznovszky,hu HUN,MF,Portsmouth,23-312,2002,7.1,1,0,0,11,3,0,22,7,6,,,0
Lewis Koumas,wls WAL,MF,Hull City,20-157,2005,1.2,0,0,0,3,1,0,5,1,3,,,0
Lewis Koumas,wls WAL,"MF,FW",Birmingham City,20-157,2005,8.4,1,0,0,19,10,4,40,1,9,,,0
Vladan Kovačević,ba BIH,GK,Norwich City,27-318,1998,32,5,0,0,1,6,0,0,0,0,,,0
Filip Krastev,bg BUL,MF,Oxford United,24-131,2001,9.5,1,0,0,14,18,1,2,18,32,,,0
Mathias Kvistgaarden,dk DEN,MF,Norwich City,23-314,2002,6.1,0,0,0,7,12,8,4,4,4,,,0
Hector Kyprianou,cy CYP,MF,Watford,24-272,2001,21.2,8,0,0,32,32,0,0,29,16,,,0
Ethan Laird,eng ENG,DF,Birmingham City,24-291,2001,4.3,0,0,0,1,15,0,8,9,9,,,0
Callum Lang,eng ENG,"FW,MF",Preston North End,27-168,1998,0.6,1,0,0,0,1,0,0,0,0,,,0
Callum Lang,eng ENG,"MF,FW",Portsmouth,27-168,1998,6.4,1,0,0,10,13,2,27,3,9,,,0
Sondre Langås,no NOR,DF,Derby County,25-021,2001,18.4,2,0,0,9,11,0,2,26,17,,,0
Macaulay Langstaff,eng ENG,MF,Millwall,29-020,1997,10.3,2,0,0,14,9,4,10,4,13,,,0
Will Lankshear,eng ENG,FW,Oxford United,20-309,2005,20.5,3,1,1,48,34,31,8,5,7,,,0
Joshua Laqeretabua,fj FIJ,DF,Charlton Athletic,20-150,2005,0,0,0,0,0,0,0,0,0,0,,,0
Cyle Larin,ca CAN,"FW,MF",Southampton,30-312,1995,0.6,0,0,0,0,0,0,2,0,1,,,0
Jamaal Lascelles,eng ENG,DF,Leicester City,32-104,1993,1,0,0,0,0,0,0,0,0,1,,,0
Joël Latibeaudière,jm JAM,DF,Coventry City,26-048,2000,7,0,0,0,2,6,1,0,7,2,,,0
Mohammed Lawal,ie IRL,"DF,MF",Stoke City,22-269,2003,19.5,7,1,1,18,22,0,14,14,23,,,0
Luke Le Roux,za RSA,MF,Portsmouth,25-350,2000,4.1,3,0,0,11,0,0,5,6,6,,,0
Miles Leaburn,eng ENG,FW,Charlton Athletic,22-087,2003,19.1,2,0,0,31,29,7,11,7,13,,,0
Greg Leigh,jm JAM,"DF,MF",Oxford United,31-146,1994,9.9,0,0,0,3,8,3,19,10,11,,,1
Darragh Lenihan,ie IRL,DF,Middlesbrough,31-344,1994,1,1,0,0,1,0,0,0,1,0,,,0
Marc Leonard,sct SCO,MF,Birmingham City,24-066,2001,7.7,1,0,0,12,4,0,16,8,17,,,0
Ryan Leonard,eng ENG,DF,Millwall,33-275,1992,12.2,3,0,0,22,17,0,28,9,27,,,0
Jamal Lewis,nir NIR,MF,Preston North End,28-029,1998,6.6,1,0,0,8,2,0,15,7,5,,,0
Liam Lindsay,sct SCO,DF,Preston North End,30-134,1995,11.7,4,1,0,22,8,2,0,17,9,,,0
Matty Litherland,,MF,Blackburn Rovers,,,3.4,0,0,0,3,1,1,9,1,7,,,0
Sam Long,eng ENG,DF,Oxford United,31-038,1995,23.5,2,0,0,16,9,0,22,27,31,,,0
Ryan Longman,eng ENG,MF,Wrexham,25-109,2000,19.8,2,0,0,20,13,2,102,18,29,,,0
Imran Louza,ma MAR,MF,Watford,26-298,1999,27.8,6,1,0,36,28,1,144,28,23,,,0
Zak Lovelace,eng ENG,FW,Millwall,20-031,2006,0,0,0,0,0,0,0,0,0,0,,,0
Jamal Lowe,jm JAM,"FW,MF",Sheffield Weds,31-217,1994,25.1,4,0,0,36,34,9,30,15,20,,,0
Max Lowe,eng ENG,DF,Sheffield Weds,28-288,1997,19.7,2,0,0,16,6,1,19,38,24,,,0
Milos Lukovic,rs SRB,FW,Preston North End,20-097,2005,0.5,0,0,0,1,0,0,0,0,0,,,0
Joe Lumley,eng ENG,GK,Sheffield Weds,31-008,1995,2,1,0,0,0,0,0,0,0,0,,,0
John Lundstram,eng ENG,MF,Hull City,32-005,1994,10.8,6,0,0,15,2,0,2,23,16,,,0
Massimo Luongo,au AUS,MF,Millwall,33-151,1992,6.3,1,0,0,19,4,0,6,12,15,,,0
Othmane Maamma,ma MAR,MF,Watford,20-140,2005,14.9,1,0,0,14,24,0,69,14,21,,,0
Nicolas Madsen,dk DEN,MF,Queens Park Rangers,25-343,2000,30.7,1,0,0,12,16,0,118,32,37,,,0
Edmond-Paris Maghoma,eng ENG,MF,Norwich City,24-291,2001,0.8,0,0,0,0,0,0,3,0,2,,,0
Lucien Mahovo,eng ENG,DF,Norwich City,20-261,2005,2.3,0,0,0,5,2,1,6,3,3,,,0
Josh Maja,ng NGA,"FW,MF",West Bromwich Albion,27-058,1998,9.2,1,0,0,11,6,6,2,6,4,,,0
Jovon Makama,eng ENG,"MF,FW",Norwich City,22-022,2004,17.9,3,0,0,35,15,12,15,4,11,,,0
Christ Makosso,cg CGO,DF,Oxford United,21-290,2004,4,1,0,0,2,2,0,0,4,3,,,0
Adilson Malanda,fr FRA,DF,Middlesbrough,24-117,2001,7.9,0,0,0,4,2,0,2,9,6,,,0
Million Manhoef,nl NED,MF,Stoke City,24-051,2002,22.9,1,0,0,26,19,19,78,2,10,,,0
Ryan Manning,ie IRL,"MF,DF",Southampton,29-254,1996,24.1,4,0,0,21,29,0,196,24,19,,,0
Benson Manuel,ao ANG,FW,Swansea City,28-332,1997,1.6,0,0,0,0,7,0,5,1,2,,,0
Emiliano Marcondes,dk DEN,MF,Norwich City,30-351,1995,7.2,0,0,0,10,13,1,7,5,9,,,0
Jahnoah Markelo,sr SUR,FW,Coventry City,23-050,2003,0.1,0,0,0,0,0,0,1,1,0,,,0
Ephron Mason-Clark,eng ENG,MF,Coventry City,26-182,1999,23,1,0,0,51,47,22,44,4,18,,,0
Alex Matos,eng ENG,MF,Sheffield United,21-143,2004,3.6,0,0,0,12,12,0,3,5,8,,,0
Kuryū Matsuki,jp JPN,MF,Southampton,22-299,2003,3.2,1,0,0,6,9,0,7,0,3,,,0
Hayden Matthews,au AUS,DF,Portsmouth,21-249,2004,7.2,1,0,0,3,5,0,1,6,8,,,2
Pelle Mattsson,dk DEN,MF,Norwich City,24-203,2001,20.8,5,0,0,40,43,0,7,31,43,,,0
Azor Matusiwa,nl NED,MF,Ipswich Town,27-301,1998,29,8,0,0,36,28,0,2,56,40,,,0
Stephy Mavididi,eng ENG,MF,Leicester City,27-268,1998,20.4,3,0,0,23,23,4,30,10,25,,,0
Noah Mawene,eng ENG,MF,Preston North End,21-012,2005,0,0,0,0,0,0,0,0,0,0,,,0
Fally Mayulu,fr FRA,FW,Bristol City,23-223,2002,1.5,0,0,0,7,1,1,0,0,1,,,0
Derek Mazou-Sacko,fr FRA,MF,Millwall,21-140,2004,7.6,0,0,0,9,6,0,4,4,9,,,0
Amadou Mbengue,sn SEN,DF,Queens Park Rangers,24-049,2002,24.9,11,1,1,37,28,0,39,22,33,,,1
Kasey McAteer,ie IRL,MF,Leicester City,24-093,2001,0.2,0,0,0,0,0,0,2,0,1,,,0
Kasey McAteer,ie IRL,MF,Ipswich Town,24-093,2001,8.1,3,0,0,15,19,8,18,2,9,,,0
Oliver McBurnie,sct SCO,FW,Hull City,29-264,1996,19.1,5,0,0,31,22,5,3,4,12,,,0
Sam McCallum,eng ENG,"DF,MF",Sheffield United,25-174,2000,13.3,2,0,0,6,24,1,88,29,11,,,0
Alistair McCann,nir NIR,MF,Preston North End,26-081,1999,17,4,0,0,30,13,0,7,27,42,,,0
Alex McCarthy,eng ENG,GK,Southampton,36-082,1989,7,0,0,0,0,2,0,0,0,0,,,0
Cathal McCarthy,ie IRL,DF,Hull City,19-176,2006,2.6,1,0,0,5,3,0,0,3,5,,,0
James McClean,ie IRL,MF,Wrexham,36-307,1989,10.1,2,0,0,16,7,3,45,13,20,,,0
Ruairi Mcconville,nir NIR,DF,Norwich City,20-298,2005,19.1,2,0,0,8,7,0,0,21,11,,,0
George McCormick,eng ENG,DF,Middlesbrough,21-027,2005,0.3,0,0,0,0,1,0,0,1,0,,,0
Ross McCrorie,sct SCO,MF,Bristol City,27-342,1998,23.3,4,0,0,46,27,12,47,26,34,,,0
Jamie McDonnell,nir NIR,MF,Oxford United,22-007,2004,4.4,1,0,0,7,1,0,1,8,13,,,0
Cole McGhee,eng ENG,DF,Sheffield Weds,20-026,2006,4.8,1,0,0,7,0,0,0,7,2,,,1
Riley McGree,au AUS,"MF,FW",Middlesbrough,27-113,1998,8.1,1,0,0,7,9,0,13,6,7,,,0
Mark McGuinness,ie IRL,DF,Sheffield United,25-049,2001,14.6,3,0,0,12,6,3,2,17,5,,,0
Kenny McLean,sct SCO,"MF,DF",Norwich City,34-046,1992,28.2,3,0,0,17,50,1,129,28,36,,,0
Sean McLoughlin,ie IRL,DF,Blackburn Rovers,29-102,1996,30.4,7,1,0,19,17,0,11,53,33,,,0
Paddy McNair,nir NIR,DF,Hull City,30-302,1995,1.8,1,0,0,3,4,0,0,1,3,,,1
Dan McNamara,ie IRL,DF,Millwall,27-058,1998,3.5,2,0,0,6,5,0,4,7,3,,,0
Charlie McNeill,eng ENG,"MF,FW",Sheffield Weds,22-167,2003,17,2,0,0,18,11,0,53,10,14,,,0
Jakov Medić,hr CRO,DF,Norwich City,27-169,1998,12.5,3,0,0,3,7,1,3,16,3,,,0
Ben Mee,eng ENG,DF,Sheffield United,36-155,1989,13.9,2,0,0,5,6,0,8,14,5,,,0
Anis Mehmeti,al ALB,"MF,FW",Bristol City,25-045,2001,26,6,0,0,35,27,23,142,6,23,,,0
Anis Mehmeti,al ALB,MF,Ipswich Town,25-045,2001,2.8,1,0,0,7,3,1,13,0,4,,,0
Formose Mendy,sn SEN,MF,Watford,25-052,2001,1.4,0,0,0,1,0,0,7,0,4,,,0
Nampalys Mendy,sn SEN,MF,Watford,33-245,1992,7.7,0,0,0,9,8,0,4,15,10,,,0
Chris Mepham,wls WAL,DF,West Bromwich Albion,28-110,1997,21.5,6,0,0,19,9,1,1,24,20,,,0
Stephen Mfuni,eng ENG,DF,Watford,18-011,2008,3.5,1,0,0,3,0,0,2,3,10,,,0
Liam Millar,ca CAN,MF,Hull City,26-149,1999,10.7,3,0,0,5,12,7,42,8,15,,,0
Lewis Miller,au AUS,DF,Blackburn Rovers,25-183,2000,23.9,3,0,0,25,41,0,37,42,32,,,0
Stanley Mills,eng ENG,MF,Oxford United,22-121,2003,16.3,3,0,0,25,15,6,73,6,21,,,0
Yang Minhyeok,kr KOR,MF,Portsmouth,19-313,2006,7.5,2,0,0,8,12,4,16,4,6,,,0
Yang Minhyeok,kr KOR,MF,Coventry City,19-313,2006,0.4,0,0,0,1,0,0,1,0,0,,,0
Billy Mitchell,eng ENG,MF,Millwall,25-307,2000,16.3,5,0,0,19,10,0,17,26,29,,,0
Jayson Molumby,ie IRL,MF,West Bromwich Albion,26-201,1999,20.6,4,1,1,27,27,2,18,21,13,,,0
Jeremy Monga,eng ENG,MF,Leicester City,16-228,2009,9,2,0,0,14,15,2,25,0,4,,,0
Kristi Montgomery,sct SCO,MF,Blackburn Rovers,21-268,2004,3.6,0,0,0,2,10,0,3,1,7,,,0
Elliott Moore,eng ENG,DF,Oxford United,28-344,1997,1.7,0,0,0,1,0,0,0,0,1,,,0
Kieffer Moore,wls WAL,FW,Wrexham,33-199,1992,25.9,4,0,0,45,38,16,14,4,3,,,0
Andrew Moran,ie IRL,MF,Preston North End,22-131,2003,0,0,0,0,1,0,0,0,0,0,,,0
Kieran Morgan,eng ENG,"DF,MF",Queens Park Rangers,19-343,2006,5.4,2,0,0,8,1,1,8,5,5,,,0
Ryoya Morishita,jp JPN,MF,Blackburn Rovers,28-318,1997,17.1,2,0,0,21,24,3,64,6,16,,,0
Aidan Morris,us USA,MF,Middlesbrough,24-099,2001,22.5,3,0,0,33,66,0,16,14,32,,,0
Carlton Morris,eng ENG,"FW,MF",Derby County,30-069,1995,15.2,4,0,0,20,21,1,6,1,7,,,0
James Morris,eng ENG,DF,Watford,24-092,2001,0.1,1,0,0,0,0,0,0,0,1,,,0
Liam Morrison,sct SCO,DF,Queens Park Rangers,22-322,2003,11.5,3,0,0,10,4,0,0,15,5,,,0
Sam Morsy,eg EGY,MF,Bristol City,34-166,1991,3.8,2,0,0,11,3,0,0,2,4,,,0
Devlan Moses,nir NIR,FW,Sheffield Weds,20-129,2005,0.2,1,0,0,1,0,0,1,0,0,,,0
Alex Mowatt,eng ENG,MF,West Bromwich Albion,31-010,1995,23.5,5,0,0,20,31,0,83,22,22,,,0
Divin Mubama,eng ENG,FW,Stoke City,21-121,2004,17.8,4,1,1,31,40,26,1,5,4,,,0
Divine Mukasa,eng ENG,MF,Leicester City,18-185,2007,1.9,0,0,0,4,0,0,5,0,2,,,0
Errol Mundle-Smith,eng ENG,FW,Norwich City,19-341,2006,0.8,0,0,0,1,0,1,1,0,2,,,0
Finley Munroe,eng ENG,DF,Middlesbrough,21-015,2005,0.1,0,0,0,1,1,0,1,0,0,,,0
Derry Murkin,eng ENG,DF,Derby County,26-211,1999,1.3,0,0,0,0,5,0,7,1,3,,,0
Josh Murphy,eng ENG,MF,Portsmouth,30-364,1995,11.8,3,0,0,5,30,5,125,4,3,,,0
Marvelous Nakamba,zw ZIM,MF,Sheffield Weds,32-035,1994,0.3,1,0,0,2,0,0,0,0,1,,,0
Paul Nardi,fr FRA,GK,Queens Park Rangers,31-281,1994,15.8,1,0,0,0,5,0,0,0,2,,,0
Joel Ndala,eng ENG,MF,Sheffield Weds,19-268,2006,2.2,0,0,0,5,5,1,0,2,2,,,0
Joel Ndala,eng ENG,"MF,FW",Hull City,19-268,2006,8.6,1,0,0,11,16,3,5,6,10,,,0
Camiel Neghli,nl NED,MF,Millwall,24-109,2001,23.6,4,0,0,28,6,2,51,17,24,,,0
Dan Neil,eng ENG,MF,Ipswich Town,24-072,2001,0.4,0,0,0,0,4,0,0,0,1,,,0
Benjamin Nelson,eng ENG,DF,Leicester City,21-342,2004,15.9,1,0,0,4,7,0,0,20,20,,,0
Curtis Nelson,eng ENG,DF,Derby County,32-278,1993,0.5,0,0,0,1,0,1,0,0,1,,,0
Phil Neumann,de GER,DF,Birmingham City,28-230,1997,25.2,4,0,0,26,18,4,9,22,16,,,1
Jeremy Ngakia,,"DF,MF",Watford,25-169,2000,25.5,3,0,0,24,15,2,97,33,64,,,0
Kevin Nisbet,sct SCO,FW,Millwall,28-352,1997,0.2,0,0,0,0,1,0,0,0,0,,,0
Casper de Norre,be BEL,MF,Millwall,29-016,1997,16.8,2,0,0,15,13,0,9,22,29,,,0
Rhys Norrington-Davies,wls WAL,DF,Sheffield United,26-307,1999,0.6,0,0,0,0,0,0,0,0,0,,,0
Rhys Norrington-Davies,wls WAL,DF,Queens Park Rangers,26-307,1999,22.1,6,0,0,23,14,0,65,14,38,,,0
Gustavo Nunes,br BRA,MF,Swansea City,20-095,2005,2.3,0,0,0,2,6,0,10,1,3,,,0
Marcelino Núñez,cl CHI,MF,Norwich City,25-359,2000,0.8,0,0,0,1,2,0,1,1,1,,,0
Marcelino Núñez,cl CHI,MF,Ipswich Town,25-359,2000,15.8,1,0,0,22,13,0,80,8,10,,,0
Ryan Nyambe,na NAM,"MF,DF",Derby County,28-081,1997,2.9,1,0,0,3,0,0,5,2,2,,,0
Sverre Nypan,no NOR,"MF,FW",Middlesbrough,19-066,2006,6.9,2,0,0,5,9,0,10,3,10,,,0
Steven Nzonzi,fr FRA,MF,Stoke City,37-070,1988,8.3,2,0,0,11,3,0,1,9,8,,,0
Lewis O'Brien,eng ENG,MF,Wrexham,27-132,1998,20.2,5,0,0,20,34,3,60,11,29,,,0
Gatlin O'Donkor,eng ENG,FW,Oxford United,21-132,2004,0,0,0,0,1,0,0,0,0,0,,,0
Richard O'Donnell,eng ENG,GK,Derby County,37-164,1988,2,0,0,0,0,0,0,0,0,0,,,0
Callum O'Hare,eng ENG,MF,Sheffield United,27-298,1998,28.5,2,0,0,25,42,1,16,15,24,,,0
Max O'Leary,ie IRL,GK,West Bromwich Albion,29-136,1996,5,0,0,0,0,0,0,0,0,0,,,0
Max O'Leary,ie IRL,GK,Bristol City,29-136,1996,5,0,0,0,0,0,0,0,0,0,,,0
Connor O'Riordan,ie IRL,DF,Blackburn Rovers,22-127,2003,3.8,2,0,0,2,1,0,1,5,3,,,1
Dara O'Shea,ie IRL,DF,Ipswich Town,26-356,1999,31,0,0,0,11,23,2,5,26,11,,,0
Odeluga Offiah,eng ENG,"DF,MF",Preston North End,23-120,2002,22.7,4,0,0,21,25,4,16,19,52,,,1
Chiedozie Ogbene,ie IRL,MF,Sheffield United,28-298,1997,8.4,0,0,0,7,14,3,42,1,8,,,0
Chiedozie Ogbene,ie IRL,MF,Ipswich Town,28-298,1997,1,0,0,0,0,1,0,2,0,1,,,0
Connor Ogilvie,eng ENG,DF,Portsmouth,30-009,1996,19.2,3,0,0,16,37,1,25,20,12,,,0
Yuki Ohashi,jp JPN,FW,Blackburn Rovers,29-211,1996,27.2,3,0,0,43,36,18,24,11,19,,,0
Caleb Okoli,it ITA,DF,Leicester City,24-225,2001,18.1,1,1,0,21,17,0,1,26,22,,,0
Arthur Okonkwo,eng ENG,GK,Wrexham,24-167,2001,29,1,0,0,0,3,0,0,1,0,,,0
Isaac Olaofe,eng ENG,FW,Charlton Athletic,26-094,1999,7.6,2,0,0,11,13,12,3,0,5,,,0
Ryan One,sct SCO,MF,Sheffield United,19-242,2006,1.5,0,0,0,4,1,1,9,0,0,,,0
Favour Onukwuli,,MF,Sheffield Weds,,,0.2,0,0,0,0,0,0,0,0,0,,,0
Frank Onyeka,ng NGA,MF,Coventry City,28-053,1998,1.8,1,0,0,4,5,0,1,3,4,,,0
Bright Osayi-Samuel,ng NGA,DF,Birmingham City,28-054,1997,10.8,5,0,0,19,20,3,20,12,7,,,1
Milutin Osmajić,me MNE,FW,Preston North End,26-213,1999,13,3,1,0,11,20,11,1,2,6,,,0
Ibrahim Osman,gh GHA,MF,Birmingham City,21-086,2004,3.8,0,0,0,5,12,3,4,1,6,,,0
Gabriel Otegbayo,,DF,Sheffield Weds,,,17.3,4,1,1,25,19,4,0,21,11,,,0
Nicholas Oyekunle,eng ENG,FW,Southampton,19-045,2007,0.3,0,0,0,3,0,0,0,0,0,,,0
David Ozoh,eng ENG,MF,Derby County,20-268,2005,13.8,6,0,0,30,11,0,2,15,21,,,0
Marlon Pack,eng ENG,MF,Portsmouth,34-335,1991,13.5,6,0,0,16,18,0,23,6,8,,,0
Louis Page,eng ENG,MF,Leicester City,17-122,2008,5.1,0,0,0,3,4,0,22,6,3,,,0
Alex Palmer,eng ENG,GK,Ipswich Town,29-197,1996,9.3,0,0,0,0,3,0,0,0,1,,,0
Kasey Palmer,jm JAM,MF,Hull City,29-106,1996,2.8,0,0,0,5,6,1,8,1,5,,,0
Liam Palmer,sct SCO,"DF,MF",Sheffield Weds,34-157,1991,28.8,3,0,0,28,14,5,29,27,32,,,0
Ivor Pandur,hr CRO,GK,Hull City,25-335,2000,32,4,0,0,0,6,0,0,0,1,,,0
Jonathan Panzo,eng ENG,DF,Birmingham City,25-121,2000,1,0,0,0,1,0,0,0,2,2,,,0
Anthony Patterson,eng ENG,GK,Millwall,25-289,2000,1,0,0,0,0,0,0,0,0,0,,,0
Aynsley Pears,eng ENG,GK,Blackburn Rovers,27-306,1998,12,1,0,0,0,2,0,0,1,0,,,0
Ben Pearson,eng ENG,MF,Stoke City,31-050,1995,15.2,9,1,0,26,12,0,3,14,18,,,0
Myles Peart-Harris,eng ENG,"MF,FW",Oxford United,23-158,2002,7,1,0,0,11,16,3,7,2,9,,,1
Sydie Peck,eng ENG,MF,Sheffield United,21-163,2004,25.3,5,0,0,26,20,1,47,24,31,,,0
Leo Pecover,,MF,Bristol City,,,0.5,0,0,0,0,1,0,0,2,2,,,0
Ricardo Pereira,pt POR,DF,Leicester City,32-140,1993,21.9,6,0,0,28,13,0,7,36,36,,,0
Daniel Peretz,il ISR,GK,Southampton,25-228,2000,7,1,0,0,0,0,0,0,0,0,,,0
Jérémy Pétris,fr FRA,"MF,DF",Watford,28-026,1998,5,3,0,0,7,15,0,12,6,5,,,0
Ashley Phillips,wls WAL,DF,Stoke City,20-212,2005,25.2,5,0,0,18,4,6,1,22,6,,,0
Kalvin Phillips,eng ENG,MF,Sheffield United,30-083,1995,1.8,2,1,0,5,2,0,0,0,7,,,0
Matt Phillips,sct SCO,"MF,FW",Oxford United,34-347,1991,3,1,0,0,4,2,1,5,2,6,,,0
Nathaniel Phillips,eng ENG,DF,West Bromwich Albion,28-339,1997,29.5,6,0,0,21,13,2,1,42,33,,,1
Jaden Philogene Bidace,eng ENG,MF,Ipswich Town,24-015,2002,17.2,2,0,0,18,37,10,61,23,20,,,0
Harry Pickering,eng ENG,"MF,DF",Blackburn Rovers,27-056,1998,4.4,0,0,0,5,4,0,15,1,2,,,0
Kwame Poku,gh GHA,MF,Queens Park Rangers,24-196,2001,3.2,0,0,0,2,3,0,11,1,2,,,0
Matthew Pollock,eng ENG,DF,Watford,24-148,2001,21.9,5,0,0,16,21,2,2,20,12,,,0
Regan Poole,wls WAL,DF,Portsmouth,27-250,1998,29,5,0,0,26,18,4,9,49,19,,,0
Brad Potts,eng ENG,MF,Preston North End,31-235,1994,2.2,0,0,0,2,4,1,6,4,3,,,0
Brandon Powell,eng ENG,MF,Blackburn Rovers,20-129,2005,0.8,1,0,0,3,4,0,2,0,1,,,0
George Pratt,eng ENG,DF,Blackburn Rovers,22-159,2003,9,1,0,0,4,2,0,2,8,5,,,0
Nik Prelec,si SVN,"FW,MF",Oxford United,24-258,2001,11.7,0,0,0,8,16,4,4,3,3,,,0
Isaac Price,nir NIR,MF,West Bromwich Albion,22-150,2003,27.9,4,0,0,19,22,9,53,7,32,,,0
Cameron Pring,eng ENG,"DF,MF",Bristol City,28-032,1998,8,5,0,0,13,12,2,13,14,8,,,0
August Priske,dk DEN,FW,Birmingham City,21-337,2004,2.1,0,0,0,1,1,0,2,0,0,,,0
Przemysław Płacheta,pl POL,MF,Oxford United,27-337,1998,12,0,0,0,12,5,3,26,5,3,,,0
Joshua Quarshie,de GER,DF,Southampton,21-212,2004,10.5,3,0,0,11,4,0,1,8,6,,,0
Jesurun Rak Sakyi,eng ENG,MF,Stoke City,23-141,2002,1.6,0,0,0,2,1,0,2,1,1,,,0
Aaron Ramsey,eng ENG,MF,Leicester City,23-033,2003,3,0,1,0,5,1,1,1,1,2,,,0
Kayne Ramsey,eng ENG,DF,Charlton Athletic,25-136,2000,25.6,6,1,1,35,25,1,18,30,31,,,1
Adam Randell,eng ENG,MF,Bristol City,25-145,2000,31.1,3,0,0,16,44,0,20,45,27,,,0
Joe Rankin-Costello,eng ENG,MF,Charlton Athletic,26-212,1999,5.9,4,0,0,6,3,0,10,2,6,,,0
Oliver Rathbone,eng ENG,MF,Wrexham,29-136,1996,5.4,2,0,0,4,12,1,12,7,6,,,0
Nathan Redmond,eng ENG,"FW,MF",Sheffield Weds,31-354,1994,1.2,0,0,0,2,2,0,2,1,1,,,0
Yuri Ribeiro,pt POR,"DF,MF",Blackburn Rovers,29-030,1997,8.6,0,0,0,10,12,1,27,7,12,,,0
Dujuan Richards,jm JAM,FW,Leicester City,20-105,2005,0.2,0,0,0,0,0,0,0,0,0,,,0
Jaïro Riedewald,nl NED,MF,Sheffield United,29-167,1996,10.2,1,0,0,6,3,0,2,10,13,,,0
Tomas Rigo,sk SVK,MF,Stoke City,23-235,2002,14.2,1,0,0,12,9,1,31,11,12,,,0
Emil Riis Jakobsen,dk DEN,FW,Bristol City,27-244,1998,23.6,1,0,0,21,19,9,20,6,12,,,0
Haydon Roberts,eng ENG,"DF,MF",Bristol City,23-289,2002,4.2,1,0,0,4,2,0,6,4,2,,,0
Patrick Roberts,eng ENG,MF,Birmingham City,29-018,1997,20.7,2,0,0,13,33,0,43,6,21,,,0
Jack Robinson,eng ENG,DF,Sheffield United,32-175,1993,2.4,0,0,0,3,3,0,0,1,1,,,0
Jack Robinson,eng ENG,DF,Birmingham City,32-175,1993,8.9,4,2,2,4,8,1,2,6,6,,,1
Jay Robinson,eng ENG,"MF,FW",Southampton,18-345,2007,9.9,0,0,0,15,16,1,10,4,8,,,0
Jay Rodriguez,eng ENG,"FW,MF",Wrexham,36-209,1989,0.1,0,0,0,3,0,0,0,0,0,,,0
Mads Roerslev,dk DEN,"MF,DF",Southampton,26-244,1999,5.2,1,0,0,6,4,1,14,2,4,,,0
Ole Romeny,id IDN,MF,Oxford United,25-248,2000,3.6,1,0,0,3,9,2,2,2,4,,,0
Oriol Romeu,es ESP,MF,Southampton,34-152,1991,0.8,2,0,0,4,0,0,0,0,1,,,0
Ronald,br BRA,MF,Swansea City,24-254,2001,26.1,2,0,0,20,69,15,58,17,27,,,0
Ruben Roosken,nl NED,MF,Oxford United,25-358,2000,1.4,0,0,0,0,1,0,3,2,1,,,0
Joe Rothwell,eng ENG,MF,Sheffield United,31-043,1995,0.4,0,1,0,1,0,0,0,0,0,,,0
Jack Rudoni,eng ENG,MF,Coventry City,25-273,2000,18.3,0,0,0,11,26,1,80,8,13,,,0
Carl Rushworth,eng ENG,GK,Coventry City,24-236,2001,33,2,0,0,1,7,0,0,0,0,,,0
Koki Saito,jp JPN,MF,Queens Park Rangers,24-197,2001,17.8,0,0,0,19,34,6,21,4,14,,,0
Tatsuhiro Sakamoto,jp JPN,MF,Coventry City,29-124,1996,21.6,4,0,0,14,38,6,63,8,19,,,0
Lars-Jørgen Salvesen,no NOR,FW,Derby County,30-004,1996,4.9,3,0,0,14,1,0,1,4,3,,,0
Alfons Sampsted,is ISL,DF,Birmingham City,27-323,1998,2.3,0,0,0,2,4,0,5,5,3,,,0
Ishé Samuels-Smith,eng ENG,DF,Swansea City,19-263,2006,2.2,2,0,0,2,0,0,5,5,5,,,0
Dion Sanderson,eng ENG,DF,Derby County,26-070,1999,25.7,6,0,0,27,10,1,3,43,16,,,0
Ricardo Santos,,DF,Swansea City,30-250,1995,0.3,0,0,0,1,0,0,0,0,1,,,0
Josh Sargent,us USA,FW,Norwich City,26-003,2000,21.6,0,0,0,12,20,11,7,5,6,,,0
Jeremy Sarmiento,ec ECU,MF,Middlesbrough,23-252,2002,1.1,0,0,0,1,1,0,3,0,3,,,0
Dan Scarr,eng ENG,DF,Wrexham,31-061,1994,9.9,4,0,0,6,3,0,0,10,1,,,0
Jeffrey Schlupp,gh GHA,"MF,DF",Norwich City,33-062,1992,4.7,2,0,0,4,7,1,10,8,3,,,0
Nicolas Schmid,at AUT,GK,Portsmouth,29-001,1997,21.3,0,0,0,0,6,0,0,0,0,,,0
Oscar Schwartau,dk DEN,MF,Norwich City,19-282,2006,20.5,0,0,0,16,15,8,35,17,24,,,0
Léo Scienza,br BRA,"MF,FW",Southampton,27-163,1998,19.8,1,0,0,11,82,1,129,3,5,,,0
Adrian Segecic,au AUS,MF,Portsmouth,21-267,2004,17.8,1,0,0,19,19,5,77,3,9,,,0
Tatsuki Seko,jp JPN,MF,Stoke City,28-063,1997,20.2,3,0,0,28,17,0,17,24,20,,,0
Egil Selvik,no NOR,GK,Watford,28-208,1997,26.5,1,0,0,0,3,0,0,0,0,,,0
Vivaldo Semedo,pt POR,FW,Watford,21-026,2005,7.1,2,0,0,17,6,1,7,1,3,,,0
Femi Seriki,eng ENG,DF,Sheffield United,23-301,2002,20.7,4,0,0,19,53,2,56,19,50,,,0
Paik Seung-ho,kr KOR,MF,Birmingham City,28-343,1997,28.4,6,0,0,33,24,0,34,23,31,,,0
Jamie Shackleton,eng ENG,"DF,MF",Sheffield United,26-138,1999,0.3,0,0,0,0,0,0,0,0,0,,,0
Conor Shaughnessy,ie IRL,DF,Portsmouth,29-238,1996,7.5,0,0,0,4,2,0,1,6,3,,,0
Ben Sheaf,eng ENG,MF,Wrexham,28-018,1998,20,6,0,0,20,29,0,11,25,24,,,0
Ben Sheaf,eng ENG,MF,Coventry City,28-018,1998,0.1,0,0,0,0,0,0,1,0,0,,,0
Rio Shipston,eng ENG,MF,Sheffield Weds,21-108,2004,0.3,0,0,0,1,0,0,1,0,1,,,0
Louie Sibley,eng ENG,MF,Oxford United,24-175,2001,0.2,0,0,0,0,0,1,1,0,0,,,0
Collins Sichenje,ke KEN,DF,Charlton Athletic,22-157,2003,1,0,0,0,4,1,0,0,0,2,,,0
Sam Silvera,au AUS,MF,Middlesbrough,25-121,2000,11.2,3,0,0,11,21,1,39,5,13,,,0
Tommy Simkin,eng ENG,GK,Stoke City,21-077,2004,8,0,0,0,0,1,0,0,0,0,,,0
Ellis Simms,eng ENG,FW,Coventry City,25-049,2001,12.3,0,0,0,10,0,6,6,1,3,,,0
Olutayo Singerr,,FW,Portsmouth,,,0.2,0,0,0,0,0,0,0,0,0,,,0
Moussa Sissoko,fr FRA,"MF,FW",Watford,36-191,1989,8.3,0,0,0,12,1,1,6,4,11,,,0
Oliver Skipp,eng ENG,MF,Leicester City,25-160,2000,19.9,4,0,0,26,21,0,1,21,16,,,0
Regan Slater,eng ENG,MF,Hull City,26-165,1999,27.3,7,0,0,21,24,2,50,36,21,,,0
Thierry Small,eng ENG,MF,Preston North End,21-206,2004,23,5,0,0,13,12,6,170,9,15,,,0
William Smallbone,ie IRL,MF,Millwall,26-002,2000,3.3,0,0,0,4,1,0,14,2,5,,,0
Milan Smit,nl NED,FW,Stoke City,23-010,2003,2.5,0,0,0,2,2,3,0,0,1,,,0
Michael Smith,eng ENG,FW,Preston North End,34-129,1991,15.5,2,0,0,28,15,10,12,1,6,,,0
Sam Smith,eng ENG,FW,Wrexham,27-352,1998,8.3,3,0,0,14,12,11,2,1,1,,,0
Paul Smyth,nir NIR,MF,Queens Park Rangers,28-166,1997,12.4,4,0,0,23,35,3,42,7,8,,,0
Jhon Solis,co COL,MF,Birmingham City,21-143,2004,4.3,0,0,0,5,3,0,1,1,6,,,0
Boubakary Soumaré,fr FRA,MF,Leicester City,26-361,1999,9.9,2,0,0,10,11,0,3,8,7,,,1
Djibril Soumaré,sn SEN,MF,Sheffield United,23-047,2003,10.5,4,1,0,17,8,1,1,11,19,,,1
Tony Springett,ie IRL,"MF,DF",Norwich City,23-154,2002,5.7,1,0,0,3,7,2,13,5,8,,,0
Jack Stacey,eng ENG,"DF,MF",Norwich City,29-323,1996,13.5,3,0,0,21,8,3,46,9,26,,,0
Marko Stamenic,nz NZL,MF,Swansea City,24-004,2002,20,10,0,0,41,14,1,5,34,26,,,0
Jay Stansfield,eng ENG,"MF,FW",Birmingham City,23-091,2002,26.6,8,0,0,48,7,6,38,10,22,,,0
Jack Stephens,eng ENG,DF,Southampton,32-027,1994,21.1,3,0,0,10,14,5,9,21,20,,,0
Ross Stewart,sct SCO,FW,Southampton,29-227,1996,7,2,0,0,7,5,7,3,3,4,,,0
Jakub Stolarczyk,pl POL,GK,Leicester City,25-066,2000,25.5,1,0,0,0,6,0,0,0,0,,,0
Jordan Storey,eng ENG,DF,Preston North End,28-174,1997,31.3,6,1,0,21,29,1,14,51,25,,,0
Dávid Strelec,sk SVK,FW,Middlesbrough,24-325,2001,10.9,2,0,0,9,7,4,5,1,5,,,0
Zak Sturge,eng ENG,DF,Millwall,21-253,2004,15.1,8,0,0,17,11,0,21,15,20,,,0
Callum Styles,hu HUN,"DF,MF",West Bromwich Albion,25-332,2000,27.8,8,0,0,36,27,1,79,41,47,,,0
Yukinari Sugawara,jp JPN,MF,Southampton,25-240,2000,0.7,0,0,0,0,0,0,8,0,0,,,0
Zak Swanson,eng ENG,DF,Portsmouth,25-148,2000,19.7,4,0,0,18,19,1,42,25,28,,,0
John Swift,eng ENG,MF,Portsmouth,30-245,1995,14.8,8,0,0,10,15,0,57,7,12,,,0
Mark Sykes,ie IRL,MF,Bristol City,28-203,1997,15.4,1,0,0,11,16,4,34,11,11,,,0
Sammie Szmodics,ie IRL,MF,Derby County,30-152,1995,2,0,0,0,1,1,0,0,0,3,,,0
Sammie Szmodics,ie IRL,MF,Ipswich Town,30-152,1995,7.5,0,0,0,8,12,4,17,3,2,,,0
Maksym Talovierov,ua UKR,DF,Stoke City,25-240,2000,9.2,4,0,0,10,6,2,9,15,12,,,0
Japhet Tanganga,eng ENG,DF,Sheffield United,26-329,1999,26.5,4,1,0,32,22,5,14,36,15,,,1
Japhet Tanganga,eng ENG,DF,Millwall,26-329,1999,2,1,0,0,1,2,0,0,2,0,,,0
George Tanner,eng ENG,DF,Bristol City,26-099,1999,23.8,1,0,0,9,20,0,8,23,42,,,0
Matt Targett,eng ENG,"DF,MF",Middlesbrough,30-158,1995,26.8,4,0,0,18,16,0,95,35,27,,,0
Sidnei Tavares,,MF,Blackburn Rovers,24-147,2001,6.3,2,0,0,11,10,0,1,5,6,,,0
Caleb Taylor,eng ENG,DF,Millwall,23-040,2003,19,1,0,0,12,7,2,1,43,15,,,0
Charlie Taylor,eng ENG,DF,West Bromwich Albion,32-158,1993,14.7,2,0,0,6,10,1,14,12,11,,,1
Jack Taylor,ie IRL,MF,Ipswich Town,27-245,1998,16.6,6,0,0,22,21,3,11,11,14,,,0
Junior Tchamadeu,cm CMR,DF,Stoke City,22-063,2003,19.2,10,0,0,20,18,2,45,23,26,,,0
Hidde ter Avest,nl NED,"DF,MF",Oxford United,28-279,1997,4.4,0,0,0,10,2,0,5,4,8,,,0
Bobby Thomas,eng ENG,DF,Coventry City,25-024,2001,25.6,6,1,0,25,22,4,12,25,16,,,1
Luke Thomas,eng ENG,DF,Leicester City,24-258,2001,26.4,7,0,0,39,21,0,70,30,32,,,0
Olly Thomas,eng ENG,FW,Bristol City,20-210,2005,0.2,0,0,0,2,1,0,0,0,0,,,0
Silko Thomas,eng ENG,FW,Leicester City,21-243,2004,2.8,1,0,0,3,7,2,7,0,2,,,0
Sorba Thomas,wls WAL,MF,Stoke City,26-185,1999,32.1,7,0,0,27,24,8,268,13,12,,,0
Brandon Thomas-Asante,gh GHA,"MF,FW",Coventry City,27-056,1998,15.2,0,0,0,17,21,2,15,13,8,,,0
George Thomason,eng ENG,MF,Wrexham,24-042,2002,15.5,2,0,0,13,13,0,49,10,18,,,0
Jordan Thompson,nir NIR,MF,Preston North End,29-051,1997,6,5,0,0,10,14,0,8,3,3,,,0
Liam Thompson,eng ENG,MF,Derby County,23-300,2002,11.4,5,0,0,13,13,0,3,10,8,,,0
Jarvis Thornton,eng ENG,MF,Sheffield Weds,20-044,2006,5.3,0,0,0,10,4,0,1,9,7,,,0
Nathan Tinsdale,,MF,Hull City,,,0,0,0,0,0,0,0,0,0,0,,,0
Mirko Topić,rs SRB,MF,Norwich City,25-018,2001,11.5,3,0,0,9,5,0,4,16,14,,,0
Victor Torp,dk DEN,MF,Coventry City,26-208,1999,21.3,4,0,0,25,27,2,68,21,21,,,0
Balázs Tóth,hu HUN,GK,Blackburn Rovers,28-172,1997,21,0,0,0,0,2,0,0,1,2,,,0
Mo Touré,au AUS,FW,Norwich City,21-334,2004,1.9,0,0,0,1,2,4,1,0,0,,,0
Lewis Travis,eng ENG,MF,Derby County,28-130,1997,11.2,8,1,1,16,21,1,14,7,20,,,1
Lewis Travis,eng ENG,MF,Blackburn Rovers,28-130,1997,0.9,0,0,0,2,2,0,1,0,4,,,0
Sondre Tronstad,no NOR,MF,Blackburn Rovers,30-181,1995,26,8,0,0,24,20,1,7,35,46,,,0
Scott Twine,eng ENG,"MF,FW",Bristol City,26-224,1999,26.2,3,0,0,30,45,1,98,24,20,,,0
Josh Tymon,eng ENG,DF,Swansea City,26-277,1999,31.4,7,0,0,13,17,3,176,41,23,,,0
Ike Ugbo,ca CAN,FW,Sheffield Weds,27-155,1998,7,1,0,0,5,3,3,1,3,4,,,0
Franco Umeh-Chibueze,ie IRL,MF,Portsmouth,21-028,2005,0,0,0,0,0,0,0,0,0,0,,,0
Harvey Vale,eng ENG,MF,Queens Park Rangers,22-165,2003,11.4,3,0,0,11,9,2,63,11,10,,,0
Pol Valentín,es ESP,MF,Preston North End,29-002,1997,16.1,2,0,0,18,18,1,42,14,34,,,0
Yan Valery,tn TUN,"MF,DF",Sheffield Weds,27-001,1999,22.8,3,0,0,18,25,2,37,13,28,,,0
Jonathan Varane,mq MTQ,MF,Queens Park Rangers,24-167,2001,17.9,2,0,0,22,25,0,13,29,30,,,0
Rocco Vata,ie IRL,MF,Watford,20-311,2005,5.8,0,0,0,5,4,2,20,1,2,,,0
Will Vaulks,wls WAL,MF,Oxford United,32-163,1993,17,7,0,0,15,8,0,39,24,27,,,0
Jannik Vestergaard,dk DEN,DF,Leicester City,33-204,1992,23.7,4,0,0,13,18,1,0,22,25,,,0
Carlos Vicente,es ESP,MF,Birmingham City,26-306,1999,2.2,1,0,0,2,1,1,14,1,3,,,0
Josh Vickers,eng ENG,GK,Derby County,30-084,1995,3,0,0,0,0,1,0,0,0,0,,,0
Lawrence Vigouroux,cl CHI,GK,Swansea City,32-096,1993,33,0,0,0,0,3,0,0,0,0,,,0
Žan Vipotnik,si SVN,FW,Swansea City,23-342,2002,22.9,1,0,0,16,20,20,3,6,2,,,0
Radek Vítek,,GK,Bristol City,22-122,2003,28,2,0,0,0,11,0,0,0,2,,,1
Andrija Vukčević,me MNE,"MF,DF",Preston North End,29-135,1996,7.6,0,0,0,13,1,0,43,2,5,,,0
Zak Vyner,ke KEN,"DF,MF",Bristol City,28-285,1997,25.8,4,0,0,23,11,1,19,26,22,,,0
Zak Vyner,ke KEN,"DF,MF",Wrexham,28-285,1997,0.1,0,0,0,0,0,0,0,0,0,,,0
Thomas Waddingham,au AUS,FW,Portsmouth,20-295,2005,0.6,1,0,0,3,1,0,0,0,0,,,0
Kai Wagner,de GER,DF,Birmingham City,29-008,1997,7.8,1,0,0,7,8,0,55,10,15,,,0
Bobby Wales,sct SCO,FW,Swansea City,20-245,2005,0.3,0,0,0,1,0,1,2,0,1,,,0
Jed Wallace,eng ENG,"MF,FW",West Bromwich Albion,31-334,1994,7.3,0,0,0,4,4,5,41,5,8,,,0
Joe Walsh,eng ENG,GK,Queens Park Rangers,23-328,2002,11,0,0,0,0,3,0,0,0,0,,,0
Leo Walta,fi FIN,MF,Swansea City,22-244,2003,0.6,0,0,0,1,4,0,3,3,1,,,0
Christian Walton,eng ENG,GK,Ipswich Town,30-106,1995,21.7,2,0,0,1,2,0,0,0,0,,,0
Jack Walton,eng ENG,GK,Preston North End,27-306,1998,3,0,0,0,0,0,0,0,0,0,,,0
Danny Ward,wls WAL,GK,Wrexham,32-246,1993,4,0,0,0,0,0,0,0,0,0,,,0
Joe Ward,eng ENG,"MF,DF",Derby County,30-185,1995,20.1,2,1,1,5,9,1,148,20,25,,,0
Joel Ward,eng ENG,DF,Swansea City,36-117,1989,1.2,0,0,0,3,2,0,0,4,0,,,0
Tom Watson,eng ENG,MF,Millwall,19-321,2006,1.2,1,0,0,2,3,0,3,1,0,,,0
Ernie Weaver,eng ENG,DF,Sheffield Weds,19-168,2006,3.9,0,0,0,4,7,0,0,2,3,,,0
Andreas Weimann,at AUT,MF,Derby County,34-202,1991,7.8,1,0,0,7,2,5,7,3,6,,,0
Welington,br BRA,"DF,MF",Southampton,25-004,2001,9.8,1,1,0,19,6,0,30,14,16,,,0
Scott Wharton,eng ENG,DF,Blackburn Rovers,28-143,1997,7.5,1,0,0,6,5,1,1,13,4,,,0
Ben Whiteman,eng ENG,MF,Preston North End,29-251,1996,31.4,8,0,0,38,9,0,99,34,32,,,1
Morgan Whittaker,eng ENG,"MF,FW",Middlesbrough,25-047,2001,25.3,3,0,0,24,35,17,77,5,28,,,0
Melker Widell,se SWE,"MF,FW",Swansea City,23-310,2002,10.1,3,0,0,14,23,0,21,8,14,,,0
Jacob Widell Zetterström,se SWE,GK,Derby County,27-227,1998,28,1,0,0,0,12,0,0,0,0,,,0
Joe Wildsmith,eng ENG,GK,West Bromwich Albion,30-057,1995,7,0,0,0,0,2,0,0,0,0,,,0
Caleb Wiley,us USA,"MF,DF",Watford,21-063,2004,2.5,0,0,0,1,2,0,6,1,3,,,0
Alex Williams,wls WAL,DF,West Bromwich Albion,21-052,2005,0,0,0,0,0,0,0,0,0,1,,,0
Barnaby Williams,,MF,Southampton,,,0.5,0,0,0,2,0,0,0,2,1,,,0
Brandon Williams,eng ENG,DF,Hull City,25-173,2000,0.1,0,0,0,0,0,0,0,0,0,,,0
Joe Williams,eng ENG,MF,Bristol City,29-077,1996,0.4,0,0,0,0,1,0,0,1,1,,,1
Jordan Williams,eng ENG,"DF,MF",Portsmouth,26-124,1999,13.2,3,0,0,12,7,1,26,9,20,,,0
Ben Wilmot,eng ENG,DF,Stoke City,26-111,1999,30,4,0,0,12,22,3,3,18,15,,,0
Josh Windass,eng ENG,"MF,FW",Wrexham,32-045,1994,17.5,2,0,0,11,18,13,53,2,6,,,0
Harry Winks,eng ENG,MF,Leicester City,30-021,1996,17.7,2,0,0,15,13,0,23,11,19,,,0
Nathan Wood-Gordon,eng ENG,DF,Southampton,23-268,2002,22.8,5,0,0,18,19,1,0,17,17,,,0
Luke Woolfenden,eng ENG,DF,Coventry City,27-125,1998,7.9,1,0,0,5,1,0,0,9,5,,,0
Haji Wright,us USA,FW,Coventry City,27-333,1998,21.6,4,0,0,25,21,31,9,1,7,,,0
Jacob Wright,eng ENG,MF,Norwich City,20-155,2005,10.5,2,1,0,16,6,1,51,9,11,,,0
Scott Wright,sct SCO,"FW,MF",Birmingham City,28-199,1997,0.1,0,0,0,0,0,0,0,0,1,,,0
Malick Yalcouye,ci CIV,MF,Swansea City,20-097,2005,7.5,0,1,0,6,26,0,4,3,8,,,0
Jerry Yates,eng ENG,FW,Sheffield Weds,29-105,1996,4.6,0,0,0,1,2,4,2,2,4,,,0
Ashley Young,eng ENG,DF,Ipswich Town,40-229,1985,4.5,0,0,0,1,4,0,33,3,5,,,0
Willum Þór Willumsson,is ISL,MF,Birmingham City,27-123,1998,4.4,0,0,0,7,2,1,15,2,4,,,0
Stefán Þórðarson,is ISL,MF,Preston North End,27-130,1998,5.8,3,0,0,3,5,0,16,2,4,,,0