Player,Apps,Mins,Assists,KeyP,AvgP,PS%,Crosses,LongB,ThrB,Rating
Mohamed Touré,2(1),170,1,0.7,8.3,76,-,-,-,7.78
Divine Mukasa,2(1),167,2,3.3,29.7,76.4,0.7,1.3,-,7.67
Eiran Cashin,7,630,1,0.4,50.9,69.9,0.3,2.4,-,7.58
Jonathan Panzo,1,90,-,-,38,94.7,-,3,-,7.53
Bilal El Khannouss,2,136,2,3,39,82.1,1.5,1,-,7.52
Ebou Adams,7(1),658,1,0.6,28.6,77.7,-,1.3,-,7.34
Lloyd Jones,33,2920,-,0.3,37.2,75.2,-,1.8,-,7.3
Femi Azeez,20(2),1685,4,1.8,17.5,61.4,1.9,0.5,-,7.26
Kai Wagner,8,701,1,2.3,47.8,73.8,3,2.8,0.1,7.26
Lyndon Dykes,7(1),667,3,0.9,18.5,50.7,0.1,-,-,7.24
Imrân Louza,29,2510,7,2.1,61.6,87.2,1.6,3.4,0.1,7.22
Caleb Taylor,18(4),1703,2,0.2,31.9,78.1,-,1.8,-,7.21
Léo Scienza,23(4),1795,7,1.7,23.9,81.1,1.3,0.6,0.1,7.21
Christoph Klarer,30,2700,-,0.2,68.1,86.8,-,2.4,-,7.2
Oliver McBurnie,19(4),1723,5,1.1,15.9,66.1,-,0.4,-,7.19
Torbjørn Heggem,1,90,-,-,36,94.4,-,-,-,7.19
Carlton Morris,16(2),1379,-,0.7,21.2,68.1,0.1,0.6,-,7.19
Adilson Malanda,8,715,-,0.6,64.8,87.6,0.1,2.3,0.1,7.19
Bobby Thomas,26,2302,4,0.8,52.1,80.1,-,2.4,-,7.18
Charlie Hughes,28(1),2565,1,0.3,47.8,84.5,-,4,-,7.17
Finn Azaz,1(1),93,1,1,15.5,61.3,-,-,0.5,7.17
Rob Atkinson,22(2),1807,1,0.5,36.5,82.5,-,1,-,7.16
Anis Ben Slimane,7(2),580,1,1.1,25.9,76,-,0.7,0.1,7.16
Jimmy Dunne,31,2762,3,0.5,42.8,77.8,0.3,2.7,-,7.15
Tristan Crama,33,2937,2,0.8,33.6,70,0.7,1.7,-,7.14
Frank Onyeka,2,161,-,0.5,28.5,71.9,-,0.5,-,7.14
Kieffer Moore,27(3),2341,3,0.8,20.1,54.7,0.1,0.6,-,7.13
Ciaron Brown,24,2151,1,0.4,35.7,76,-,1.6,-,7.13
Jannik Vestergaard,24,2133,-,0.1,61.5,87.6,-,2.8,-,7.13
Taylor Harwood-Bellis,28,2520,1,0.7,70.1,84.5,0.1,4.7,0.1,7.13
Victor Torp,22(5),1926,4,1.6,29.5,83.2,0.8,0.9,-,7.12
Joe Gelhardt,22(3),1864,3,0.9,21.5,73,0.6,0.8,0.1,7.12
Jake Cooper,32,2880,1,0.6,46,74.8,0.2,3.8,-,7.11
Sean McLoughlin,31,2741,-,0.2,45.2,76.5,0.1,2.8,-,7.1
Sam McCallum,15(5),1210,1,1.4,25.6,66.8,1.3,2.1,0.1,7.1
Liam Kitching,29,2573,-,0.5,52.3,83.4,0.1,2.7,-,7.1
Jordan Storey,32,2818,2,0.2,36.3,73.1,-,1.6,-,7.09
Anis Mehmeti,28,2348,6,1.7,22.7,76.4,0.9,0.9,0.1,7.09
Abdul Fatawu,32,2715,7,1.1,23.6,70,0.8,1,0.1,7.09
Rob Dickie,29(1),2581,-,0.3,51.5,85,-,2.1,-,7.08
Hayden Hackney,33,2892,5,2.1,63.6,86.3,0.9,1.9,0.1,7.08
Josh Vickers,3,270,-,-,30.3,61.5,-,8,-,7.06
Brandon Thomas-Asante,16(5),1369,4,0.8,12.5,70.7,0.1,0.2,-,7.06
Cameron Burgess,33,2970,-,0.3,68.3,81.5,-,4.2,-,7.05
Stephen Mfuni,4,316,-,0.3,34.8,83.5,-,1.5,-,7.04
Callum Elder,25(2),2149,5,1.4,28.1,66.9,1.8,1.4,-,7.04
Matt Clarke,32,2875,2,0.3,43.4,78.1,0.1,3.3,-,7.03
Matt Grimes,33,2959,2,1.9,69.4,86.9,2,3.3,0.1,7.03
Jeremy Ngakia,26(2),2297,4,0.9,39,76.1,0.6,2.1,-,7.03
Jacob Greaves,12(1),1002,-,0.6,48.1,86.6,0.1,1.5,-,7.01
Conor Shaughnessy,8(1),680,-,0.1,42,81.2,0.1,1.9,-,7
Benjamin Whiteman,32,2832,4,1.6,46.5,76.6,1.3,3.3,0.1,7
Ross McCrorie,25(4),2105,6,0.9,22.4,70.2,0.6,0.4,-,7
Todd Cantwell,18(2),1661,3,1.5,46.9,81.8,1.7,2.5,0.1,6.99
Michal Helik,30(1),2659,2,0.4,31.8,76.2,-,1.5,-,6.99
Nicolas Madsen,31(2),2764,6,1.6,41.1,80.7,1.1,2.2,0.1,6.98
Viktor Johansson,24,2160,1,0.1,36.8,70,-,7.6,-,6.97
Dael Fry,12(6),1109,-,0.3,34.8,90.4,-,1.5,-,6.97
Tayo Adaramola,3,248,1,0.7,16,58.3,0.3,-,-,6.97
Ilias Chair,9(2),808,2,2.3,34.4,81.5,1.6,2.4,0.1,6.97
Callum Brittain,28,2452,4,1.1,49.8,81.2,0.9,1.7,-,6.97
Ali Ahmed,6(1),451,2,1,20.6,76.4,0.3,1,0.4,6.96
Ryan Manning,23(7),2171,2,1.7,40.5,78.1,1.6,1.7,-,6.96
Matt Crooks,18(2),1641,3,1.1,35.7,83.3,0.1,2.2,-,6.96
Jaden Philogene,19(6),1551,2,0.9,17.7,83.3,0.5,0.8,-,6.96
Nathaniel Phillips,31,2658,-,0.2,54.2,85,-,3.2,-,6.96
Joe Ward,20(5),1805,6,1.4,25.6,78.6,1.6,2,-,6.95
Sondre Langås,18(1),1658,1,0.4,31.2,79.3,0.1,1.1,-,6.95
Lewis Baker,11(1),998,1,1.1,34.7,85.8,0.3,1.5,0.1,6.95
Japhet Tanganga,27,2387,-,0.3,43.9,84.1,-,2.4,-,6.95
Ben Cabango,32,2865,-,0.3,62.6,84.4,-,3.1,0.1,6.94
Othmane Maamma,18(2),1360,1,1.2,19.7,73.8,0.6,0.9,-,6.94
Brian De Keersmaecker,25(1),2248,5,1.4,34.1,83.2,1.2,2,0.1,6.94
Cédric Kipré,22,1946,1,0.5,59.9,86.9,-,2.9,0.1,6.94
Morgan Whittaker,29(3),2292,5,1.2,25.8,78.3,0.4,1.1,-,6.93
Ephron Mason-Clark,25(4),2086,3,1.6,16.9,75.9,0.3,0.3,-,6.93
Haji Wright,23(6),1958,1,0.5,9.6,71.6,-,0.2,-,6.92
Hayden Carter,5,398,-,0.4,30.6,70.6,-,2.2,-,6.91
Scott Wharton,7(2),672,-,0.2,33,76.4,0.1,1.3,-,6.91
Milan van Ewijk,31,2728,7,1,34.3,80.6,0.4,1.1,0.1,6.91
Murphy Cooper,7,630,-,-,40.9,55.6,-,4.9,-,6.9
Ben Gibson,2(2),249,-,0.3,32,70.3,-,1.3,-,6.9
Femi Seriki,20(7),1859,4,1,28.8,79.8,0.6,1,-,6.9
Dara O'Shea,31,2790,1,0.3,67.4,84.3,-,4.6,-,6.9
Mattie Pollock,22(2),1974,1,0.1,50.8,84.2,-,3.4,-,6.89
Josh Tymon,31(1),2821,7,1.9,41.8,81.7,1.6,1.3,-,6.89
Ruairi McConville,19(1),1719,1,0.2,50.8,86,-,2.7,-,6.89
Ben Mee,14(1),1249,1,0.2,39.9,78.3,0.2,2.3,-,6.88
Kenny McLean,29(1),2541,3,1.4,57.2,79.9,1.3,3.7,0.2,6.88
Tyler Bindon,15(1),1342,-,0.1,48.9,86.3,-,2.3,-,6.88
Lewis Gibson,19,1654,-,0.3,46.4,81.7,-,2.2,0.1,6.88
James Bree,19(2),1676,3,1.7,22.6,70.7,1.7,0.4,-,6.88
Matt Targett,28(2),2417,3,1.2,51.9,83.4,0.7,2.5,0.1,6.88
Marcelino Núñez,15(9),1433,7,2,24.8,82.3,1.3,1.3,0.1,6.87
Jayden Fevrier,0(2),70,-,0.5,10,70,1.5,-,-,6.87
Luke Ayling,26(4),2400,4,0.5,59.8,86.2,0.2,3.8,0.1,6.87
Neto Borges,19(7),1693,3,1.2,25.7,80.7,0.7,0.7,-,6.87
Phil Neumann,26,2277,-,0.2,49.3,85.3,0.1,2,-,6.87
Jordan James,23(1),1763,3,1.9,26.5,82,1.5,0.7,-,6.86
Scott Twine,30(2),2379,6,1.8,22.4,73.9,0.8,0.7,0.2,6.86
Tatsuhiro Sakamoto,22(5),1946,3,1.2,17,77.8,0.6,0.4,0.1,6.86
Jack Currie,19(5),1707,1,1,23.7,74.6,0.2,1,-,6.86
Max Cleworth,31,2790,4,0.5,48.8,79.4,0.2,2.6,-,6.86
Alfie Doughty,16(5),1328,5,2.1,28,73,2.6,3.3,0.1,6.86
Leif Davis,28(1),2509,2,1.6,36.7,78.6,1.4,1.3,-,6.86
Josh Edwards,7,553,-,1,23.4,61.6,1.3,0.6,-,6.86
Gustavo Caballero,2(1),160,-,1.3,10.3,80.6,0.3,-,-,6.86
Ibrahim Osman,4(1),339,-,0.4,18.8,73.4,-,0.4,-,6.86
Sydie Peck,25(2),2275,2,0.8,44.6,77.8,0.6,1.7,0.1,6.86
Dominic Hyam,4,360,-,-,46.8,78.6,-,5.5,-,6.86
Azor Matusiwa,30,2620,1,0.7,46.9,86.9,-,1.7,-,6.85
Zan Vipotnik,24(7),2072,2,0.6,11.2,71,-,0.4,-,6.85
Andrew Hughes,25(1),2219,-,0.4,41,71.5,0.2,2,-,6.85
Shea Charles,13(5),1266,1,0.9,40.4,83.4,0.3,1.6,0.2,6.85
David Cornell,4,360,-,-,34,48.5,-,4,-,6.85
Josh Sargent,23,1953,3,0.9,13.5,71.4,-,0.3,-,6.85
Sorba Thomas,33,2896,6,1.9,24.3,71,1.3,1.1,-,6.85
Terry Devlin,18(9),1646,1,0.6,25.8,71,0.5,1.1,-,6.85
Daniel Grimshaw,1,90,1,1,33,42.4,-,3,-,6.85
Lewis Miller,23(6),2154,2,0.3,30.8,72.2,0.2,1.3,-,6.85
Regan Poole,29,2610,-,0.3,45.3,82.5,0.1,2.7,-,6.85
Finn Azaz,25(4),2029,4,1.4,27.7,76.1,0.1,1.1,0.3,6.85
Maksym Talovierov,9(2),827,-,0.3,38.3,79.3,-,1.8,0.1,6.84
Ben Killip,1(1),154,-,-,38.5,59.7,-,8.5,-,6.83
Demarai Gray,22(3),1740,4,0.9,19.4,80,0.7,0.6,-,6.83
Jack Clarke,15(16),1554,1,1.2,17.6,77.1,0.4,0.6,0.1,6.83
Dominic Hyam,28,2512,-,0.1,45.5,81.7,-,3.3,-,6.83
Mikey Johnston,25(7),2201,9,1.7,24.5,84.1,1.5,0.7,-,6.83
Darnell Furlong,25,2207,2,0.6,43.7,75.9,0.2,2.1,-,6.82
Tommy Conway,32(1),2588,2,1.2,18.1,86.8,0.1,0.4,-,6.82
Patrick Agyemang,26(3),2194,3,0.8,13.2,71.5,0.1,0.2,-,6.82
Harry Amass,21,1868,1,0.6,34.4,78.9,0.4,0.9,-,6.82
Ben Wilmot,30(1),2703,-,0.2,66.1,87.3,-,4.8,-,6.82
Keenan Gough,1(1),91,-,-,15,63.3,-,1.5,-,6.82
Lawrence Vigouroux,33,2970,-,-,32.2,66.1,-,5.9,-,6.81
Lewis O'Brien,20(6),1817,4,1.3,27.1,80.3,0.5,0.6,0.1,6.81
Patrick Bamford,11(5),895,-,0.4,8.6,63.8,-,0.3,-,6.81
Ryan Hedges,18(4),1542,2,1.2,27.1,73.2,0.8,0.7,-,6.81
Jack Rudoni,19(4),1649,5,1.1,30.4,85,0.5,0.5,0.1,6.81
Callum Doyle,19(2),1706,-,0.5,51.4,75.1,0.1,3.3,-,6.81
Ashley Phillips,24(4),2265,1,0.2,46.2,85.9,-,2,-,6.81
George Thomason,16(5),1402,4,1,28.7,83.4,0.6,0.9,-,6.81
José Córdoba,13(3),1254,1,0.2,52.8,82.6,0.1,2.8,-,6.81
Marc Bola,26(2),2341,3,0.9,36.9,78,0.6,1.1,0.1,6.8
Gonçalo Franco,28(4),2376,4,0.9,33.1,81.2,0.1,0.6,-,6.8
Riley McGree,9(6),736,3,0.8,24.9,86.9,0.3,0.1,0.1,6.8
Gustavo Hamer,18(8),1668,9,1.6,30.2,76.4,1.2,1.9,0.1,6.8
Danny Ward,4,360,-,0.3,28.3,47.8,-,8,-,6.8
Junior Tchamadeu,19(1),1723,1,1,36.7,74.6,0.8,1.7,0.1,6.79
Adam Armstrong,24(5),2041,4,0.8,12.6,78.6,0.1,0.1,0.1,6.79
Sondre Tronstad,27(1),2342,2,0.6,48.9,86.5,-,3,-,6.79
Patrick Roberts,23(5),1876,4,1.4,24.5,80.1,0.4,0.6,0.3,6.79
Andre Brooks,20(9),1737,2,0.8,17.3,74.2,0.2,0.6,0.1,6.78
Steve Cook,21(6),1987,-,0.1,35.1,82.4,0.1,4.1,-,6.78
Richard Kone,27(4),2379,2,0.9,18.5,70.5,-,0.6,-,6.78
Aidan Morris,24(3),2034,2,1.1,58.7,91.7,-,2.4,0.1,6.78
Jack Robinson,2(1),213,-,0.7,39,88.9,-,3.3,-,6.78
Jack Stephens,21(1),1896,-,0.3,56.6,90.4,-,2.5,-,6.78
Max Alleyne,14(2),1266,-,0.1,44.5,81.5,0.1,2.4,-,6.78
Millenic Alli,8,697,1,0.9,18.6,70.5,0.1,0.1,-,6.78
Romain Esse,4(3),378,-,0.4,15.1,72.6,0.7,0.6,-,6.77
Pelle Mattsson,21(1),1872,-,0.8,43.9,78.5,-,2.1,-,6.77
Alex Cochrane,18(1),1531,4,0.9,43.9,78.9,1.2,1.7,-,6.77
Caleb Okoli,19(2),1629,1,0.3,47.7,83.3,-,1.4,-,6.77
Alfie Devine,26(6),2212,2,1,27.4,77.8,0.8,1.5,-,6.77
John Egan,27(2),2357,-,0.2,38.8,81.3,-,2.5,-,6.77
Mark McGuinness,15(4),1314,-,0.1,31.6,83.3,-,1.5,-,6.76
Mohamed Belloumi,5(7),519,3,1,12.5,68,0.3,0.4,-,6.76
Issa Kaboré,16(1),1353,4,0.8,21.8,80.3,0.9,0.4,-,6.76
Jay Dasilva,29(1),2506,1,1.2,43.9,87.1,0.5,1.1,-,6.76
Ethan Laird,4(4),384,1,0.5,27.9,84.8,-,0.5,-,6.76
Joel Latibeaudiere,7,630,-,-,49,84,-,2,-,6.76
Sonny Carey,29(4),2410,1,1,19.5,77.3,0.8,1.1,-,6.76
Ryan Longman,20(7),1787,1,0.7,19.9,74.5,1,0.6,-,6.75
Ethan Galbraith,30(3),2635,1,0.8,53.3,80.9,0.5,3.1,0.2,6.75
Massimo Luongo,7(2),567,-,0.7,30.3,73.3,0.1,1.3,-,6.75
Liam Lindsay,11(7),1055,-,0.1,22.8,75.9,-,1.1,-,6.75
George Tanner,23(5),2146,-,0.3,40.3,83.4,-,1.4,-,6.75
James Abankwah,19(1),1649,-,0.4,41,81.2,0.1,1.7,-,6.75
Christ Makosso,4,360,-,0.8,21,61.9,-,0.8,-,6.75
Connor Ogilvie,21,1733,-,0.4,33.1,72.3,0.2,1.6,-,6.74
Collins Sichenje,1,90,-,-,20,70,-,3,-,6.74
Barry Bannan,28,2457,3,1.9,60.3,80.5,1.6,4,0.1,6.74
Brodie Spencer,16(2),1432,-,0.1,26.3,64.6,-,1.3,-,6.74
Zak Swanson,22(5),1784,-,0.5,26.4,78.4,0.2,2.2,-,6.74
Alfie Jones,22,1886,1,0.1,53.8,90.2,-,1.9,-,6.74
Callum O'Hare,30(3),2580,5,1.2,28,78.3,0.2,0.4,0.1,6.74
Mihailo Ivanovic,27(4),2358,1,0.7,14.7,50.7,-,0.2,-,6.73
Christian Walton,21(1),1956,-,-,30.5,76.6,-,3.4,-,6.73
Lewie Coyle,25(2),2202,4,0.9,33.2,73.4,1,1.6,-,6.73
Bristol City,28,2520,-,-,28.2,58.9,-,4.3,-,6.73
Liam Millar,10(9),964,2,0.7,15.2,72.6,0.5,0.6,-,6.73
Adam Randell,33,2804,1,0.7,40.8,80.6,0.1,1.7,0.1,6.73
Marcelino Núñez,1(1),71,1,0.5,19.5,76.9,0.5,1.5,0.5,6.73
Paik Seung-Ho,30(1),2562,-,0.8,40,85.8,0.2,1.7,-,6.73
George Dobson,21(9),2064,1,0.7,34.8,81.8,0.3,2.8,-,6.73
Liam Morrison,12,1040,1,0.3,40.9,87.4,-,2.2,-,6.73
Ricardo Pereira,21(5),1971,1,0.8,45.2,80.4,-,1.2,0.1,6.73
James Bree,5,439,1,0.4,43.6,76.1,1,1.8,-,6.73
Callum Styles,28(4),2501,2,0.8,38.8,82.7,0.5,1.3,-,6.72
Bosun Lawal,21(2),1763,-,0.3,38.6,83.9,0.1,2.7,-,6.72
Gavin Bazunu,1,90,-,-,34,70.6,-,4,-,6.72
Jovon Makama,18(10),1613,-,0.5,11.1,67.7,0.1,0.2,-,6.72
Ryan Alebiosu,24(2),2092,2,1,23.7,79.4,1,1,-,6.72
Ben Chrisene,13(4),1108,1,0.4,29.5,74.9,0.3,0.9,-,6.72
Pierce Charles,9,810,1,0.1,47.6,59.6,-,8.1,0.1,6.72
Yuki Ohashi,28(5),2460,1,0.6,16.5,68.6,0.1,0.4,-,6.72
Tomi Horvat,3,198,2,0.7,26,75.6,0.3,-,-,6.72
Daniel Iversen,26,2340,1,0.1,34.3,55.7,-,6.6,-,6.72
Anis Mehmeti,3(1),257,-,1.3,22.8,79.1,0.3,0.8,-,6.71
George Campbell,20(6),1930,2,0.6,44,85.2,0.3,1.5,-,6.71
Dion Sanderson,26(2),2313,-,0.1,32.8,87.9,-,1.5,-,6.71
Regan Slater,27(5),2465,2,0.7,26.3,79.5,0.3,1.4,-,6.71
Jhon Solís,4(2),389,-,-,33.2,84.9,-,1.8,-,6.71
Caspar Jander,25(3),2103,-,0.8,37.7,89.8,-,1,-,6.71
Ali McCann,17(6),1532,1,0.7,25,82.9,0.1,0.6,-,6.71
Craig Forsyth,10(1),895,-,0.4,33.7,70.1,0.4,2.2,-,6.71
Tomoki Iwata,31(1),2759,1,1.1,44.5,81.3,0.8,2,-,6.71
Marko Stamenic,21(4),1809,2,0.3,40.1,84.7,-,1.6,-,6.7
Dominic Iorfa,24,1952,-,0.2,35.5,83.8,-,1.3,-,6.7
Luke Thomas,26(4),2380,4,1.2,34.9,81.3,0.8,0.9,-,6.7
Carlos Vicente,2(2),196,1,1.3,14.3,73.7,0.8,0.3,-,6.7
Carl Rushworth,33,2970,1,0.2,37.5,61,-,7.3,-,6.7
Yu Hirakawa,2(3),244,1,1,10.6,66,1.2,0.8,-,6.7
Ross Stewart,7(9),631,2,0.5,10,68.8,-,0.1,-,6.7
Joe Lumley,2,180,-,-,36,61.1,-,7,-,6.7
Max Crocombe,23,2070,-,-,28.5,40.9,-,6.3,-,6.69
Jamie McDonnell,5(1),393,-,0.2,16.2,54.6,-,1,-,6.69
Conor Coady,5,376,-,0.4,27.2,77.9,0.2,1,-,6.69
James Justin,2,155,-,1.5,36.5,79.5,-,-,-,6.69
Casper De Norre,18(2),1524,2,0.7,32.4,81.6,0.2,2,0.1,6.69
Ben Nelson,17,1434,-,0.1,39.6,80,-,2.1,-,6.69
Semi Ajayi,9(3),867,-,-,31.9,74.9,-,1.7,-,6.69
Chris Mepham,21(4),1935,-,0.2,51.2,87.6,-,2.8,-,6.69
Oscar Schwartau,21(9),1859,1,0.8,18.3,79.6,0.3,0.5,0.1,6.69
Luke Woolfenden,7(5),705,-,0.4,28.9,87.9,-,1,-,6.69
Papa Diallo,6(3),540,2,1.1,17.1,77.3,0.3,0.7,-,6.68
Rumarn Burrell,21(5),1847,3,0.8,10.3,62.3,-,0.2,-,6.68
James Beadle,23,2070,-,-,37.2,57.8,-,4,-,6.68
Josh Windass,19(9),1581,5,1,21.6,81.4,0.3,0.9,0.1,6.68
Nathan Broadhead,14(12),1365,4,0.9,21.2,82.8,0.2,0.4,0.2,6.68
Ryan Giles,26(1),2169,8,1.3,23.1,77.2,1.7,1.4,-,6.68
Luca Kjerrumgaard,25(6),2076,1,0.6,11.3,67.6,-,0.2,-,6.68
Miles Leaburn,17(12),1720,1,0.6,14.3,48.8,0.2,0.1,-,6.68
Amadou Mbengue,25(4),2243,-,0.3,31.4,78.4,0.3,1.2,-,6.68
Jonathan Varane,20(4),1618,2,0.3,30.7,78.3,-,1.8,0.1,6.68
Ryan Leonard,11(8),1097,1,0.5,22.2,60.4,0.2,1.6,-,6.67
Luke Chambers,6,446,1,0.7,19.2,76.5,1,0.2,-,6.67
Josh Murphy,12(2),1062,6,1.7,14.3,62,1.5,1.3,-,6.67
Aaron Cresswell,20(2),1802,3,0.9,46.2,84.4,1,2.5,-,6.67
Dan Scarr,10(4),892,1,0.1,28.6,80.5,-,1.9,-,6.67
Lewis Brunt,6(3),551,-,-,27.7,85.1,-,1,-,6.67
Arthur Okonkwo,29(1),2611,-,-,21.9,53.2,-,6.1,-,6.67
Jordan Ayew,22(8),1983,3,0.7,14.9,83,0.4,0.2,-,6.67
Mateus Fernandes,2(1),190,1,1.7,37.3,81.3,1.3,2.3,-,6.66
Egil Selvik,27,2386,-,-,29.7,65.1,-,4.8,-,6.66
Colby Bishop,26(3),2379,-,0.4,17.5,59.1,-,0.1,-,6.66
Jakov Medic,12(2),1119,1,0.2,55.1,87.2,-,3.4,-,6.66
Jamaldeen Jimoh-Aloba,3,193,-,0.7,12.3,67.6,-,0.3,-,6.66
Darnell Furlong,3,270,-,1.3,48.7,82.2,0.7,2.3,-,6.65
Ellis Simms,10(20),1095,2,0.4,6.8,61.1,-,0.1,-,6.65
Kellen Fisher,26(4),2369,-,0.6,34.6,81.7,0.3,1.6,-,6.65
Alan Browne,16(11),1617,1,0.5,37.1,84.4,0.1,1.6,-,6.65
Krystian Bielik,9(6),811,-,0.1,34,86.1,-,1.3,-,6.65
Amari'i Bell,22(1),1865,-,0.3,33.2,75.7,0.1,1.5,-,6.65
Rhys Norrington-Davies,22(4),1997,-,0.5,30.3,71.9,0.5,1.5,-,6.65
Sam Long,23(4),2119,1,0.4,27,72.3,0.1,1.5,-,6.65
Ivor Pandur,32,2880,-,-,37.9,58.8,-,7.6,-,6.64
Million Manhoef,23(9),2073,2,1.1,15.3,75.7,0.4,0.5,0.2,6.64
Marvin Ducksch,19(5),1452,1,0.9,15,64,0.1,0.4,-,6.64
Saba Goglichidze,2(1),167,-,-,21.3,85.9,-,1,-,6.64
Josh Coburn,10(4),865,-,0.7,9,69.8,0.1,0.1,-,6.64
Kyle Joseph,22(8),1779,2,0.5,10.4,63.8,-,0.1,-,6.64
Ben Sheaf,24(3),1818,-,0.6,41.4,86.5,0.1,2,-,6.64
Oliver Rathbone,5(8),485,-,0.7,16.3,77.8,0.3,0.4,-,6.64
Kayne Ramsay,25(3),2299,-,0.3,27.7,75.4,0.1,2,-,6.64
Tommy Simkin,8,720,-,-,41.9,58.5,-,5.8,-,6.64
Max Bird,0(6),160,-,0.3,14.5,79.3,0.3,0.8,-,6.64
Bae Jun-Ho,26(5),2298,3,0.9,21.6,80.4,0.1,0.4,0.1,6.63
Ebou Adams,16(7),1505,-,0.1,21.4,78,0.1,1.3,-,6.63
Lewis Dobbin,21(5),1574,5,1,12.7,76.7,0.1,0.4,-,6.63
Andri Gudjohnsen,17(5),1435,-,0.6,17,67.4,-,0.3,-,6.63
Rocco Vata,6(6),523,2,0.9,12.7,67.8,0.6,0.6,0.2,6.63
Matty James,19(12),1799,2,0.6,28.3,83.9,0.5,1.5,0.1,6.63
Ryoya Morishita,21(3),1562,4,1.1,21.8,76.5,0.6,0.7,0.2,6.63
Callum Lang,7(1),578,-,0.9,14.8,78,0.8,0.4,-,6.63
Harrison Armstrong,13(4),1132,1,0.5,25.1,80.8,-,1.1,-,6.63
Isaac Price,30(3),2518,2,1.2,24.5,77.8,0.2,1.3,-,6.63
Jairo Riedewald,12(2),923,-,-,27.2,85.3,-,0.7,-,6.63
Michael Cooper,33,2926,-,-,31.4,52.5,-,6.1,-,6.62
Billy Mitchell,17(4),1471,1,0.6,37.9,80,0.1,3.2,-,6.62
Akin Famewo,6(7),550,-,-,13.7,69.1,-,0.6,-,6.62
Mathias Jørgensen,6(2),570,-,0.3,12,76,0.1,0.3,-,6.62
Sam Field,2(1),208,-,-,45.3,80.9,-,0.7,-,6.62
Vladan Kovacevic,32,2880,-,-,29.2,69.5,-,4.6,-,6.62
Filip Krastev,10(6),857,1,0.8,14.3,77.6,-,0.3,-,6.62
Eom Ji-Sung,22(10),1725,1,1.2,14.5,77.8,0.8,0.5,0.1,6.62
Max Lowe,20,1776,1,0.7,45.2,77.4,0.3,2.1,-,6.61
Odeluga Offiah,21(10),2032,-,0.2,21.3,82.3,0.1,0.6,-,6.61
Thierry Small,23(9),2074,2,0.8,11.5,70.5,1.1,0.3,-,6.61
Ronald,26(7),2360,4,0.7,18.7,77,0.3,0.4,-,6.61
Yuri Ribeiro,9(2),779,-,0.7,29.3,73,0.5,0.9,-,6.61
Zak Vyner,27,2323,-,0.3,46,77.8,0.1,2.4,0.1,6.61
Jay Stansfield,29(2),2416,5,1,11.4,68.3,0.1,0.3,0.1,6.6
Ben Hamer,7,559,-,-,26.9,66.5,-,6.9,-,6.6
Harry Clarke,6(2),542,1,0.8,18.5,73.6,0.6,1.4,-,6.6
Liam Cooper,10(4),910,-,0.1,35.9,77.9,-,1.9,-,6.6
Abu Kamara,1(1),103,-,1,10.5,81,0.5,0.5,-,6.6
Barnaby Williams,0(1),45,-,-,13,84.6,-,-,-,6.6
Derry John Murkin,1(1),118,-,0.5,24,75,0.5,1,-,6.6
Mamadou Doumbia,15(8),1350,-,0.8,14.8,77.4,0.2,0.3,-,6.6
Harry Darling,25(1),2207,-,0.1,55.9,88.9,-,2.2,-,6.6
Conor Chaplin,19(5),1598,3,1.4,24.8,76.5,0.7,1.4,0.1,6.6
Pol Valentín,16(8),1453,2,0.3,15.3,66.7,0.4,0.4,-,6.59
Sol Brynn,33,2970,1,-,20.5,62.3,-,2.6,-,6.59
Jack Robinson,10(1),804,1,0.4,44.4,89.8,-,2.4,-,6.59
Danny Batth,7(2),603,-,-,25.9,80.7,-,1.1,-,6.59
Greg Docherty,21(7),2001,3,0.8,20.6,66.9,-,0.4,-,6.59
Cody Drameh,9(4),786,1,0.5,24.6,76.3,0.2,1,-,6.59
Moussa Baradji,9(10),990,-,0.4,21.7,78,-,0.7,-,6.59
Alex Mowatt,25(4),2123,3,1.3,47.9,87.8,0.9,2,-,6.59
Alex Bangura,6(2),438,1,0.6,28.8,92.6,0.3,0.3,-,6.59
Jacob Widell Zetterström,28,2520,-,-,31.8,54.7,-,7.9,-,6.58
Aune Heggebø,27(6),2330,3,0.6,12.8,73.2,-,0.1,-,6.58
Flynn Downes,23(3),1907,-,0.4,36.2,87.7,-,0.8,-,6.58
Tom Ince,9(10),873,-,0.8,15.2,85.4,0.6,0.8,0.1,6.58
Harrison Burrows,18(13),1842,3,1.1,30.6,75.6,1,1.5,-,6.57
Balázs Tóth,21,1889,-,-,28.4,52.2,-,5.1,-,6.57
Karlan Grant,17(6),1548,-,0.8,23.9,77.6,0.6,0.6,-,6.57
Edo Kayembe,18(9),1662,-,1.1,29.4,85.9,0.3,1.3,-,6.57
Emil Riis,27(5),2137,1,0.7,14.1,65.6,0.1,0.2,-,6.57
Rhian Brewster,15(8),1184,1,0.5,12.3,69.6,0.1,0.7,0.1,6.57
Nestory Irankunda,11(16),1119,3,0.9,12.1,72,-,0.3,-,6.57
Adrian Segecic,18(8),1604,1,1,10.4,70.5,0.7,0.3,0.1,6.57
Kévin Keben,18(4),1676,1,0.2,46.7,86.4,-,1.9,-,6.56
Nathan Wood,23(2),2050,1,0.1,56.4,93.5,-,2,-,6.56
Jakub Stolarczyk,26,2296,-,-,30.5,67.1,-,3.9,-,6.56
Cameron Brannagan,24,2033,1,0.8,34.6,78,0.4,2.5,-,6.56
James McClean,10(6),910,2,0.5,17.4,77.8,0.6,1.3,-,6.56
John Swift,17(5),1336,2,1,31.5,82.5,0.6,1.4,-,6.56
Josh Knight,10(4),973,-,0.1,29.1,79.1,0.1,1.6,-,6.56
August Priske,1(4),191,1,0.4,5.4,51.9,-,0.2,-,6.55
Tom Fellows,20(7),1693,4,1.3,20.6,85.4,0.6,0.5,-,6.55
Thomas Kaminski,33,2970,-,-,32.2,57.2,-,8.5,-,6.55
Marlon Pack,11(11),1210,-,0.9,35.7,82.2,0.5,2.3,-,6.55
Formose Mendy,1(3),126,-,0.5,15.8,79.4,0.5,0.5,-,6.55
Isaac Hayden,10(10),1004,2,0.8,21.4,78.5,0.1,0.6,0.1,6.55
Hector Kyprianou,22(3),1916,1,0.3,34.9,86,-,1.9,-,6.55
Cyle Larin,0(3),53,-,-,2.7,87.5,0.3,-,-,6.55
Gustavo Nunes,2(3),204,-,0.2,12.2,73.8,0.2,-,-,6.54
Chiedozie Ogbene,9(2),760,1,1.3,21,78.8,0.6,0.4,0.1,6.54
Ben Brereton,27(1),2084,3,0.9,16.1,74.8,0.3,0.7,0.1,6.54
Lewis Travis,1,81,-,1,54,88.9,-,4,-,6.54
Ruben Roosken,1(1),131,-,1.5,13,69.2,1,0.5,-,6.54
Ronnie Edwards,4,360,-,0.8,46.5,81.2,-,2.3,-,6.54
Harvey Vale,13(5),1029,1,1.2,18.8,67,0.6,0.4,0.1,6.54
Jamie Cumming,33,2970,-,-,30.9,50,-,7.6,-,6.54
Jason Knight,17(4),1604,2,0.5,51.9,82.1,0.2,2.2,-,6.54
Ernie Weaver,4(2),354,-,-,21.8,73.3,-,0.8,-,6.54
Matty Jacob,1(4),172,-,0.4,14.8,77,-,0.2,-,6.53
Reece Burke,9(4),750,-,0.2,20.1,63.6,0.1,0.5,-,6.53
Bobby Clark,25(7),2243,2,0.6,22.7,72.2,-,0.7,-,6.53
Welington,11(4),857,-,0.6,25.7,80.3,0.2,1.4,-,6.52
Alex Gilbert,7(7),676,1,0.6,32.8,86.3,0.1,1.4,-,6.52
Conor Coady,5,442,-,0.2,42.8,89.7,-,4.6,0.2,6.52
Leo Castledine,1(2),136,-,0.3,12.3,86.5,-,0.3,0.3,6.52
Joshua Quarshie,11(1),944,-,0.4,56.5,88.6,-,1.8,-,6.52
Sindre Egeli,15(6),1251,2,0.7,17.8,73,0.4,0.4,-,6.52
Ben Godfrey,4,318,-,0.3,33,81.1,0.3,0.5,-,6.52
Harry Winks,16(5),1591,2,1,56,90.3,0.2,1.5,-,6.52
Yan Valery,23,2050,1,0.7,32.2,77,0.2,1.5,-,6.51
Amir Hadziahmetovic,20(7),1552,2,0.6,26.4,76.9,0.2,1.2,-,6.51
Camiel Neghli,24(9),2132,2,0.7,23,73.1,0.4,1,-,6.51
Josh Eccles,14(10),1102,-,0.6,15.2,83.2,0.1,0.5,-,6.51
Josef Bursik,9,810,-,-,42.3,52,-,9.8,-,6.51
Stephy Mavididi,24(5),1845,1,0.6,18.4,79.2,0.2,0.4,-,6.51
David Ozoh,16(4),1251,-,0.2,24.2,90.7,-,1,0.1,6.51
Tommy Doyle,17(13),1583,3,1.2,30.1,83.7,0.9,2.5,-,6.5
Greg Leigh,10(6),894,-,0.1,14.9,56.7,0.4,0.4,-,6.5
Macaulay Gillesphey,18(8),1702,-,0.4,30.9,72.6,0.2,3,-,6.5
Elias Jelert,3(5),323,1,0.8,22.1,84.2,0.6,0.5,0.1,6.5
Luke Cundle,8(9),792,-,0.6,19.1,84.9,0.4,0.5,-,6.5
Brandon Powell,1,73,1,1,18,61.1,-,-,-,6.5
Jake Clarke-Salter,4(1),249,-,0.4,24.4,82.8,0.2,1.4,-,6.5
George Hirst,19(8),1523,1,0.5,9.5,64.8,-,0.1,-,6.5
Tyreece Campbell,24(9),2219,2,0.8,15.2,80.2,0.5,0.3,-,6.5
Daniel Bennie,2(5),302,-,0.9,11.9,69.9,0.1,0.4,0.1,6.5
Hidde ter Avest,5(2),396,-,0.6,20.6,75.7,0.4,0.6,-,6.49
Milutin Osmajic,14(3),1172,-,0.2,8.1,68.6,-,0.2,-,6.49
Michael Smith,13(16),1387,1,0.3,10.5,62,-,-,-,6.49
Jaden Heskey,7(1),647,-,0.3,31.3,72.4,-,1.4,-,6.49
Matty Litherland,4,312,-,0.5,28.8,67.8,0.8,0.5,0.3,6.49
Sam Silvera,8(11),1004,1,0.5,22.1,81.2,0.3,0.5,0.1,6.49
Zak Sturge,16(9),1358,-,0.2,19,75.3,0.1,0.7,-,6.49
Tyrese Campbell,19(11),1703,2,0.5,8.8,65.4,0.1,0.1,-,6.49
Jack Stacey,13(12),1203,1,0.6,21,75.9,0.4,1.1,-,6.49
Conor Coventry,25(6),2234,1,0.5,34,78.6,0.6,2.5,-,6.49
Aidomo Emakhu,12(15),1160,1,0.6,6.2,64.3,0.9,0.2,-,6.49
Lucien Mahovo,2(4),203,-,0.5,20,77.5,0.3,1,-,6.48
Jeremy Petris,5(5),450,-,0.8,13.7,81,0.2,0.7,-,6.48
Alex Palmer,10,834,-,-,27.5,81.5,-,4.1,-,6.48
Eric-Junior Bocat,9(7),813,1,0.1,23.1,75.9,0.3,1.1,-,6.48
Sam Bell,1(5),147,1,0.3,4.5,51.9,-,0.2,-,6.48
Divin Mubama,20(5),1611,1,0.3,9.7,74.4,-,0.2,-,6.48
Jeffrey Schlupp,4(5),421,1,0.6,26,80.8,-,1,-,6.48
Brad Potts,3(2),199,1,1,12,68.3,0.2,-,-,6.48
George Edmundson,4(3),218,-,-,15.3,84.1,-,0.6,-,6.47
Wes Burns,4(5),354,1,0.9,8.7,78.2,0.2,0.4,-,6.47
George Pratt,11,813,1,0.2,30.6,71.5,0.1,2.3,-,6.47
Liberato Cacace,8(4),722,-,0.7,20.1,73.4,0.6,0.7,-,6.47
Jens Cajuste,13(13),1127,3,0.6,18.9,82.5,0.1,0.8,0.2,6.47
Oliver Skipp,21(2),1800,-,0.3,30.9,83.8,-,0.7,-,6.47
Will Smallbone,4(2),302,-,0.5,14.2,69.4,0.3,0.7,-,6.47
Tom Atcheson,3(2),318,-,0.4,32.8,64.6,-,1.4,-,6.47
Ki-Jana Hoever,1(3),96,-,0.8,11.5,73.9,-,0.5,-,6.47
Mark Sykes,16(10),1393,1,0.5,21.2,72.6,0.3,0.8,-,6.47
Will Vaulks,15(12),1528,-,0.8,30,75.3,0.4,2.3,-,6.47
Hamza Choudhury,13(10),1087,-,0.4,28.7,86,0.1,0.7,-,6.47
Darragh Lenihan,1(1),91,-,-,17.5,88.6,-,0.5,-,6.47
Richard O'Donnell,2,180,-,-,32,37.5,-,7,-,6.47
Daniel Jebbison,14(11),1323,2,0.6,8.2,71.2,-,0.1,-,6.46
Max Johnston,9,786,-,0.3,20.1,69.1,1.1,1.6,-,6.46
Thierno Ballo,18(7),1470,4,0.6,14,68.9,0.2,0.3,0.1,6.46
Curtis Nelson,0(2),46,-,-,2,75,-,0.5,-,6.46
Will Keane,0(2),24,-,-,2.5,80,-,-,-,6.46
Rob Apter,8(5),589,-,0.9,9.4,70.5,0.8,0.1,-,6.45
Jack Taylor,17(10),1498,1,0.6,28.7,84.9,-,1.6,0.2,6.45
Koki Saito,19(7),1610,2,0.7,16.6,78.7,0.1,0.3,-,6.45
Andre Dozzell,29,2502,1,0.7,35.9,84.1,0.4,2.4,-,6.45
Paul Smyth,13(11),1117,-,0.4,9,75.8,0.4,0.2,-,6.45
Joe Rankin-Costello,5(8),532,-,0.4,14.5,74.5,0.1,0.9,-,6.45
Joshua Key,18(6),1638,-,0.7,36.4,80.8,0.6,1,-,6.45
Oscar Fraulo,1(6),200,-,0.9,10.1,76.1,0.3,0.1,-,6.44
Florian Bianchini,6(4),513,1,0.5,12.1,76.9,0.5,0.5,-,6.44
Ethan Horvath,14,1260,-,-,32.9,41,-,4.5,-,6.44
Nik Prelec,12(6),1059,1,0.6,12.1,63.1,0.1,0.2,-,6.43
Jordan Williams,10(13),1184,1,0.4,17.5,75.7,0.2,0.8,-,6.43
Myles Peart-Harris,8,632,-,0.5,18.9,68.2,0.3,0.3,-,6.43
Tatsuki Seko,19(13),1816,1,0.4,25.6,79.6,0.1,1.7,-,6.43
Augustus Kargbo,3(7),446,1,0.4,7.8,66.7,0.5,0.1,0.1,6.43
Ben Davies,7(3),644,-,-,29.2,88,-,2.2,-,6.43
Tom Fellows,3,233,-,1.3,17,90.2,1.7,0.7,-,6.43
Jayson Molumby,19(7),1853,1,0.7,42.8,87.1,0.2,1.4,-,6.42
Max O'Leary,5,450,-,-,30,62.7,-,6.6,-,6.42
Giorgi Chakvetadze,11(6),960,1,1,24.4,84.1,0.3,0.8,0.1,6.42
Taylor Gardner-Hickman,16(4),1323,-,0.8,27.6,70.3,0.6,2,0.1,6.42
Marc Leonard,5(10),686,-,0.3,31.9,84.9,0.2,1.3,-,6.42
Eiran Cashin,3(8),416,-,0.1,21.8,80.8,-,0.9,-,6.42
Bobby De Cordova-Reid,16(8),1201,1,0.3,18.7,85.5,-,0.8,0.1,6.42
Tomás Rigo,15(9),1285,-,0.5,21.3,78.9,0.2,1.3,-,6.42
Karamoko Dembélé,17(11),1529,-,0.8,14.9,78.5,0.6,0.9,-,6.42
Shane Duffy,3(1),260,-,1.3,47.3,85.2,-,3.3,0.3,6.42
Stanley Mills,16(14),1467,1,0.7,11.4,50.3,0.4,0.5,-,6.42
Charlie Taylor,15(5),1327,-,0.3,36.2,84.3,0.2,2.7,-,6.41
Zeidane Inoussa,12(13),1085,2,0.6,13.2,77.9,0.1,0.2,-,6.41
David Strelec,11(8),985,-,0.6,9.4,70.9,-,0.2,0.1,6.41
Cameron Pring,7(6),717,-,0.3,25.8,75.6,0.2,1.2,-,6.41
Paul Nardi,15(1),1421,-,0.1,28.7,60.1,-,5.8,-,6.41
Cathal McCarthy,1(4),228,-,-,16.2,81.5,-,-,-,6.41
Sam Field,9(9),853,1,0.2,15.8,75.4,0.1,0.4,-,6.41
Nicolas Schmid,22,1916,-,-,43.3,52.4,-,7.7,-,6.41
Mirko Topic,13(3),1039,-,0.5,33.4,83.4,-,1,-,6.4
Jay Fulton,8(14),791,-,0.2,19.2,79.2,-,0.4,-,6.4
Jay Robinson,7(18),879,1,0.4,7.9,70.6,0.1,0.2,-,6.4
Jamaal Lascelles,1(1),87,-,-,18,83.3,-,1,-,6.4
Lamine Cissé,11(12),1062,3,0.7,12.1,72.8,0.1,0.5,-,6.4
Derek Mazou-Sacko,8(4),682,-,0.2,18.8,85,-,0.7,-,6.4
Joel Ward,1(3),110,-,0.3,11.8,57.4,-,0.8,-,6.4
Mathias Kvistgaarden,4(19),538,1,0.3,5,69,-,0.1,-,6.4
Hayden Matthews,7(4),651,-,-,33.3,85,0.1,1.3,-,6.4
Aynsley Pears,12(1),1081,-,-,27.9,55.4,-,5.3,-,6.39
Ante Crnac,8(3),760,-,0.6,12.8,73.8,0.1,0.7,0.3,6.39
Iván Azón,11(14),1047,2,0.4,8.7,69.6,-,0.2,-,6.39
Emiliano Marcondes,7(9),650,2,0.6,15.1,78.1,0.1,0.6,0.1,6.39
Oliver Arblaster,7(7),644,1,0.5,24.9,83.6,0.1,0.7,-,6.39
Jamie Donley,0(4),77,1,0.3,2.8,72.7,-,-,-,6.39
Delano Burgzorg,11(14),1078,2,0.9,10.3,85.2,0.2,0.1,-,6.39
Wout Faes,9(6),855,1,0.1,40.3,90.7,0.1,1.5,-,6.39
Boubakary Soumaré,9(7),887,2,0.9,33.4,90.5,0.2,1.1,-,6.39
Jed Wallace,7(9),659,1,0.6,12.8,77.1,0.4,0.5,-,6.39
Paris Maghoma,0(2),76,-,1,15.5,83.9,0.5,1.5,-,6.39
Cameron Bragg,3(6),339,-,0.3,25.4,90.8,-,0.9,-,6.38
Ben Pearson,16(7),1377,-,-,27.5,86.1,-,1.4,-,6.38
John Lundstram,11(6),973,-,0.1,32.3,79.8,-,3,0.1,6.38
Kalvin Phillips,2(1),161,-,0.3,24.7,81.1,-,1,-,6.38
Samuel Iling-Junior,14(10),1292,-,0.7,16.7,75.8,0.5,0.3,-,6.38
Ishé Samuels-Smith,3(2),197,1,0.4,22.4,83,0.2,0.6,-,6.38
Ronnie Edwards,8(3),666,-,0.2,47.6,87.6,-,1.7,-,6.38
Chuba Akpom,7(16),798,-,0.5,9.3,83.7,-,0.1,-,6.37
Jacob Wright,10(9),949,1,1.1,24.4,79.3,0.8,1.1,-,6.37
Matej Jurásek,6(10),491,2,0.6,9.1,74,0.5,0.8,0.1,6.37
Ibane Bowat,7(4),580,-,0.2,24.2,74.1,0.1,0.6,-,6.37
Nampalys Mendy,7(5),693,-,0.3,24.8,81.2,0.1,1.3,-,6.37
Ousmane Diakité,14(10),1350,-,0.5,28.5,85.4,-,0.8,-,6.37
George McCormick,0(1),31,-,-,4,50,-,1,-,6.37
Ricardo Santos,0(1),22,-,-,13,92.3,-,1,-,6.37
Sean Fusire,13(10),1261,-,0.3,19.3,80.9,0.2,0.6,-,6.37
Sam Smith,6(21),735,-,0.3,5.4,62.1,-,-,-,6.37
George Brown,3(4),308,-,0.4,7,73.5,-,-,-,6.37
Bailey Cadamarteri,23(6),2107,-,0.5,9.3,61.1,0.1,-,-,6.37
Daniel Peretz,7,630,-,-,35.3,60.7,-,5,-,6.37
Liam Gibbs,5(5),449,-,0.9,15,78.7,0.4,0.7,-,6.36
Esquerdinha,6(6),516,1,0.3,18.8,72.1,0.1,1.1,-,6.36
Sam Gallagher,1(9),277,-,0.3,5.2,48.1,-,-,-,6.36
Thomas Cannon,14(13),1253,1,0.2,6.9,54.8,-,0.1,-,6.36
Callum Lang,0(2),48,1,0.5,4,100,-,0.5,-,6.36
Oladapo Afolayan,1(2),77,-,-,12,72.2,0.7,0.3,-,6.36
Jamal Lowe,26(7),2271,-,0.5,16.8,75.5,0.2,0.3,0.1,6.35
Gavin Bazunu,19,1710,-,-,33.4,76.7,-,4.1,-,6.35
Elliott Moore,2,156,-,-,13.5,85.2,-,0.5,-,6.35
Aaron Ramsey,3(5),268,-,0.4,11.3,82.2,-,0.3,-,6.35
Olaf Kobacki,3(3),296,-,0.5,13.3,75,-,0.2,-,6.34
Connor O'Riordan,3(2),339,-,0.4,30.6,75.8,0.2,1.8,-,6.34
Yang Min-Hyeok,9(6),675,1,0.6,10.1,73.5,0.1,0.1,-,6.34
Melker Widell,10(15),909,1,0.4,10.6,73.9,0.3,0.2,-,6.34
Tom Davies,3(4),287,-,0.4,22.6,81.6,-,0.3,0.1,6.34
Ryan Fraser,9(7),879,2,0.8,26.3,84.5,0.7,1.1,-,6.34
Kaine Kesler-Hayden,4(14),470,1,0.3,11.8,80.2,0.1,0.4,-,6.34
Kasey McAteer,8(10),724,1,0.8,11.1,73,0.2,0.3,0.1,6.34
Jamal Lewis,6(8),596,1,0.2,13.9,80.5,0.4,0.3,-,6.34
Karoy Anderson,6(4),529,1,0.2,22.5,82.7,0.1,1,-,6.34
Jordan Thompson,6(6),535,2,0.5,19,83.3,0.2,0.6,0.1,6.34
Liam Cullen,13(14),1265,-,0.5,12.6,79.5,-,0.4,-,6.34
Joe Bryan,6(10),689,-,0.4,23.8,74.3,0.3,1.1,-,6.33
Raees Bangura-Williams,5(9),453,1,0.3,7.7,74.1,-,0.1,-,6.33
Tyler Goodrham,9(4),683,1,0.8,14.2,70.7,0.2,0.4,-,6.33
Kaelan Casey,3(5),291,1,0.3,25.4,92.6,-,0.6,-,6.33
Alex McCarthy,7,630,-,-,25.3,62.1,-,4.3,-,6.33
Josh Griffiths,21,1890,-,-,31.5,58.6,-,5.7,-,6.33
Vivaldo Semedo,5(16),625,1,0.2,5.3,67.6,-,-,-,6.33
Lewis Koumas,0(4),109,-,0.3,5.8,52.2,0.3,0.3,-,6.33
Lewis Travis,11(3),1015,1,0.4,35.5,80.5,0.4,1.2,-,6.32
Sam Szmodics,2,178,-,-,17,79.4,-,-,-,6.32
Keshi Anderson,7(12),724,-,0.7,15,81.4,0.4,0.6,-,6.32
Svante Ingelsson,30(1),2583,-,0.9,23.3,73.5,0.5,0.7,-,6.32
Liam Thompson,11(6),1027,-,0.2,26.2,85.2,0.1,1.2,-,6.32
Tony Springett,6(6),514,-,0.2,12.1,72.4,0.1,0.1,-,6.32
Gabriel Otegbayo,17(7),1562,-,0.1,26.8,84.9,-,1.3,-,6.31
Leo Walta,0(3),55,-,0.3,10.3,74.2,-,-,-,6.31
Djibril Soumaré,11(11),946,-,0.3,19.9,79.5,-,0.7,-,6.31
Charlie Kelman,15(9),1188,-,0.2,5.9,66.7,-,0.1,-,6.31
Alex Williams,0(1),2,-,-,3,100,-,-,-,6.31
Andrija Vukcevic,9(9),688,2,0.6,10.4,71.7,0.6,0.6,-,6.31
Joel Ndala,10(7),782,-,0.2,7.8,81.2,0.1,0.2,-,6.31
Bright Osayi-Samuel,12(6),976,1,0.3,19.5,84.3,0.2,0.4,-,6.31
Alex Matos,3(5),320,-,0.1,18.5,87.8,0.1,0.5,-,6.3
Luke Harris,7(9),623,-,0.4,11.3,72.2,-,0.1,-,6.3
Sinclair Armstrong,9(23),1300,-,0.2,7,83,-,0.2,-,6.3
Amankwah Forson,5(6),439,-,0.2,8.3,79.1,0.2,-,-,6.3
Sam Szmodics,8(8),677,-,0.4,9.9,78.6,0.1,0.2,-,6.3
Ollie Cooper,0(1),24,-,-,7,85.7,-,-,-,6.3
Will Lankshear,21(10),1859,1,0.7,9.3,69.3,-,0.2,-,6.3
Tahith Chong,4(7),385,1,0.6,11.3,83.9,0.2,0.2,-,6.3
Charlie McNeill,17(12),1528,1,0.5,14.9,72.5,0.2,0.4,-,6.3
Yisa Alao,1(1),64,-,-,11.5,91.3,-,0.5,-,6.3
Liam Palmer,29(3),2596,1,0.3,29.9,76,0.2,1.3,-,6.29
Siriki Dembélé,4(15),648,-,0.6,6.9,80.3,0.3,0.2,-,6.29
Steven Nzonzi,9(11),743,-,0.1,21.1,78,0.1,0.7,-,6.29
Macaulay Langstaff,7(18),920,1,0.3,6.3,68.2,0.1,0.2,-,6.29
Jamie Allen,4(17),551,1,0.2,13.4,89.4,-,0.6,-,6.29
Patson Daka,10(18),1132,3,0.3,7.5,69.2,-,-,-,6.29
Ashley Young,3(10),393,-,0.8,23.4,83.6,0.8,1.4,0.1,6.29
Jeremy Sarmiento,1(3),97,-,0.5,14.5,82.8,0.3,-,-,6.29
Alfie Gilchrist,6(5),484,-,0.5,25.6,78.7,0.1,0.8,-,6.28
Jake Bidwell,2(5),256,-,0.1,16,75,-,0.4,-,6.28
Enis Destan,4(14),433,-,0.4,7.9,62.2,0.1,0.1,-,6.28
Noah Eile,1(1),91,-,-,25.5,72.5,-,-,-,6.28
Darko Gyabi,6(14),692,-,0.4,10.8,81.5,0.1,0.4,-,6.27
Adam Forshaw,5(7),348,-,0.2,17.8,81.2,0.3,0.9,-,6.27
Yu Hirakawa,3(21),514,2,0.3,5.9,82.3,0.2,0.1,-,6.27
Ryan Barnett,4(8),418,-,0.3,9.3,79.3,0.7,0.7,-,6.27
Przemyslaw Placheta,14(9),1086,1,0.7,11.9,73.4,0.3,0.4,-,6.27
Lars-Jørgen Salvesen,3(22),418,2,0.2,4,60,-,0.1,-,6.26
Mads Roerslev,5(4),472,-,0.3,25.2,76.2,0.1,0.7,0.1,6.26
Adam Idah,5(13),613,1,0.8,7.8,68.1,-,-,0.1,6.26
Japhet Tanganga,2,180,-,-,34,77.9,-,2,-,6.26
Nathan Baxter,6(1),585,-,-,27,69.8,-,4.4,-,6.26
Mads Frökjaer-Jensen,2(16),501,-,0.2,10.1,69.2,0.1,0.2,-,6.26
Márk Kosznovszky,6(9),641,-,0.7,15.1,79.3,0.5,0.7,-,6.26
Jeremy Monga,7(15),802,2,0.3,8.3,84.2,0.1,0.1,-,6.26
Leo Hjelde,0(3),18,-,-,4.3,76.9,-,-,-,6.26
Caleb Wiley,3(2),223,-,0.2,18.4,82.6,0.4,0.6,-,6.26
Joe Walsh,11,990,-,-,30.6,50.4,-,5.4,-,6.26
David Akintola,6(15),504,2,0.3,5.8,77.7,-,0.3,-,6.25
Sidnei Tavares,6(5),566,1,0.3,21.6,82.8,-,0.7,-,6.25
Róbert Bozeník,7(12),624,-,0.2,5.6,65.1,-,0.2,-,6.25
Dion De Neve,8(13),838,1,0.6,10.1,69.5,0.8,0.2,-,6.25
Malick Yalcouyé,7(16),668,2,0.4,16,85.6,-,0.4,-,6.25
Stefán Thórdarson,6(9),519,1,0.7,10.8,82.7,0.3,0.5,-,6.25
Kuryu Matsuki,2(7),285,-,0.3,14.3,80.6,0.2,0.1,-,6.25
Matt Phillips,3(5),266,-,0.6,7.6,65.6,-,0.5,0.1,6.25
Barry Bannan,2(2),163,-,-,18.3,82.2,0.3,1.8,-,6.24
Andreas Weimann,5(20),690,3,0.3,6.2,71.8,-,0.3,-,6.24
Raphael Borges Rodrigues,0(2),35,1,1.5,5,80,-,-,-,6.24
Ryan Oné,0(6),128,-,0.7,4.8,75.9,0.5,0.2,-,6.23
Harvey Knibbs,5(18),510,-,0.3,4.6,61,0.1,0.1,-,6.23
Kwame Poku,3(5),284,-,0.6,12.5,73,0.3,0.5,-,6.23
Sverre Nypan,3(17),613,-,0.4,11.6,81,0.1,0.3,0.1,6.23
Willum Willumsson,5(5),393,-,0.7,12.5,74.4,0.4,0.3,0.1,6.23
Rayan Kolli,3(11),516,-,0.1,9.1,70.9,0.1,0.3,-,6.23
Nathaniel Chalobah,1(2),73,-,-,10.3,93.5,-,0.3,-,6.23
Favour Fawunmi,0(2),34,-,-,5,70,-,-,-,6.23
Harry Pickering,4(5),392,-,0.3,15.7,66,0.3,0.8,-,6.22
Sam Morsy,3(4),344,-,0.3,37.1,87.7,-,1,0.1,6.22
Kwadwo Baah,6(17),728,1,0.6,7.1,75.5,0.1,0.2,-,6.22
Lyndon Dykes,2(19),422,-,0.2,6,50.8,-,-,-,6.22
Toby Collyer,3(9),254,1,0.3,15.4,88.6,0.1,0.3,-,6.22
Oriol Romeu,0(5),67,-,0.2,9.2,78.3,-,0.6,-,6.21
Corey Blackett-Taylor,2(7),269,1,0.3,5.1,78.3,0.4,0.1,-,6.21
Asmir Begovic,7(1),675,-,-,27.4,58,-,5.1,-,6.21
Samuel Edozie,0(2),41,-,0.5,9.5,73.7,-,-,-,6.21
Manuel Benson,1(5),138,-,-,11.3,88.2,-,0.3,-,6.21
Sontje Hansen,3(10),358,-,0.4,8.3,81.5,0.1,0.2,0.1,6.21
Tyler Dibling,0(1),7,-,-,6,66.7,-,-,-,6.2
Isaac Olaofe,6(16),672,1,0.5,4.5,69,-,0.1,-,6.2
Danny Ings,4(12),490,-,0.2,5.6,67.8,-,0.1,-,6.2
Alfons Sampsted,2(4),209,-,0.5,16.5,83.8,-,0.3,-,6.2
Kristi Montgomery,2(10),323,-,-,13.6,75.5,0.1,-,-,6.19
Daniel Kelly,3(6),335,-,-,9.8,69.3,-,0.7,-,6.19
Ben Johnson,4(5),357,-,0.3,20.1,82.9,0.7,1.2,-,6.19
Nathan Tinsdale,0(1),1,-,-,1,100,-,-,-,6.19
Zan Celar,1(1),76,-,0.5,3.5,85.7,-,-,-,6.19
Haydon Roberts,3(9),375,-,0.5,14,81,0.2,0.4,-,6.19
Cameron Archer,7(13),651,-,0.3,6,79.8,-,0.1,0.1,6.19
Harvey Blair,2(5),264,-,0.6,5.1,72.2,-,0.3,-,6.18
Jamie Donley,0(1),33,-,-,4,50,-,-,-,6.18
Jeon Jin-Woo,1(1),91,-,1.5,9,88.9,-,1,-,6.18
Josh Maja,6(21),816,1,0.4,9,77.3,-,0.1,-,6.18
Kealey Adamson,0(3),49,-,0.3,6.3,89.5,-,0.3,-,6.18
George Earthy,2(2),187,-,0.3,19.5,82.1,-,1,-,6.18
Victor Kristiansen,2(3),167,-,0.2,17.4,79.3,0.2,0.2,-,6.17
Chiedozie Ogbene,1(1),87,-,0.5,10.5,90.5,-,-,-,6.17
Kasey Palmer,3(6),250,-,0.2,13.4,73.6,-,0.1,-,6.17
Keshi Anderson,0(2),39,-,0.5,8.5,70.6,-,0.5,-,6.17
Zak Vyner,0(1),5,-,-,2,-,-,-,-,6.17
Kasey McAteer,0(2),16,-,-,7,92.9,0.5,-,-,6.17
Kieran Morgan,5(11),483,1,0.2,17.1,78.4,0.1,1.1,-,6.16
Luke Le Roux,4(6),373,-,0.4,16,86.3,0.3,1.3,-,6.16
Louis Page,4(11),450,1,0.3,14,83.3,0.3,0.1,0.1,6.16
Errol Mundle-Smith,0(5),66,-,-,3.6,72.2,-,-,-,6.16
Ali Al Hamadi,0(1),11,-,-,7,71.4,-,-,-,6.16
Jaydon Banel,0(3),49,-,-,2.3,71.4,-,-,-,6.16
Axel Henriksson,9(9),753,-,0.8,10.6,69.5,0.1,0.3,-,6.16
Kenzo Goudmijn,1(2),94,-,-,10.7,53.1,0.3,0.3,-,6.16
Leo Pecover,0(3),44,-,-,2,50,-,-,-,6.16
Ibrahim Fullah,2(6),289,-,0.3,9.3,83.8,-,0.4,-,6.15
Makhtar Gueye,0(16),187,-,0.1,3.7,52.5,-,0.2,-,6.15
Moussa Sissoko,8(12),741,-,0.3,9.5,82,0.1,0.5,-,6.15
Kaly Sène,5(18),625,-,0.1,4.5,67.3,-,0.1,-,6.15
Abdoulaye Kanté,1(3),83,-,-,11.3,71.1,-,0.5,-,6.15
Dan Neil,0(2),36,-,0.5,14,96.4,-,1.5,-,6.15
Louie Barry,6(3),449,-,0.7,12.2,83.6,0.7,0.1,-,6.14
Kai Andrews,0(7),54,-,0.1,5,88.6,-,0.1,-,6.14
Makenzie Kirk,4(9),445,-,0.1,4.2,61.1,-,0.1,-,6.14
Zak Lovelace,0(1),2,-,-,3,33.3,-,-,-,6.14
Delano Burgzorg,1(3),149,-,0.3,8.5,79.4,-,-,-,6.14
Jesurun Rak-Sakyi,2(1),146,-,-,9.3,57.1,-,-,-,6.14
Yang Min-Hyeok,0(3),29,-,0.3,5.7,52.9,-,-,-,6.14
Luke Berry,5(8),421,-,0.5,5.7,66.2,0.1,0.2,-,6.14
Scott Wright,0(3),6,-,-,0.3,100,-,-,-,6.13
Lewis Koumas,7(16),747,-,0.3,6.8,71.3,0.2,0.1,-,6.13
Andrew Moran,0(1),3,-,-,2,100,-,-,-,6.13
Milos Lukovic,1,46,-,-,1,-,-,-,-,6.13
Ole Romenij,2(11),317,-,-,7.2,69.9,-,0.1,-,6.13
Jack Walton,3,270,-,-,24,61.1,-,4.7,-,6.13
Olly Thomas,0(3),16,-,0.3,3.7,72.7,-,-,-,6.12
Cole McGhee,5(1),436,-,0.2,33.7,77.2,-,2.2,-,6.12
Harry Amass,0(1),16,-,-,5,80,-,-,-,6.12
Michael Frey,2(11),307,-,0.2,5.9,54.5,-,0.1,-,6.11
Anthony Patterson,1,90,-,-,23,60.9,-,5,-,6.11
Jacob Brown,1(3),113,-,-,4.3,76.5,0.3,-,-,6.11
Kyogo Furuhashi,8(18),1001,-,0.2,3.5,63.7,-,0.1,-,6.11
Jarvis Thornton,6(7),482,-,0.1,16.2,81.4,0.1,0.2,-,6.11
Julián Carranza,3(6),315,-,0.1,6.7,68.3,-,-,-,6.11
Kayden Jackson,2(17),368,-,0.3,4.5,74.4,0.1,0.1,-,6.11
Daryl Dike,1(11),181,-,0.2,2.7,56.3,0.1,0.1,-,6.1
Mark Harris,10(15),888,-,0.2,4.9,69.9,-,0.2,-,6.1
Steven Benda,9,810,-,-,25.4,52.4,-,5.7,-,6.1
Ben Sheaf,0(1),7,-,-,3,100,1,-,-,6.1
Oliver Bostock,0(2),6,-,0.5,3,83.3,0.5,-,-,6.1
Silko-Amari Thomas,1(15),240,-,0.2,3.7,69.5,0.1,0.1,-,6.09
Jerry Yates,5,416,-,-,8.2,53.7,-,0.2,-,6.09
Ryan Allsop,10,900,-,-,43.2,66.9,-,4.8,-,6.09
Dajaune Brown,0(1),1,-,-,3,33.3,-,-,-,6.08
Kieran Dowell,1(4),150,-,0.4,12.2,75.4,-,0.2,-,6.08
Cameron Humphreys,0(3),10,-,-,4,83.3,0.3,-,-,6.08
Onel Hernández,2(4),222,-,0.2,10.2,91.8,-,0.3,-,6.08
Iké Ugbo,6(14),621,-,0.1,5,77,-,-,-,6.08
Danny Imray,2(1),108,-,-,12.3,67.6,0.3,0.3,-,6.08
Max O'Leary,5,450,-,-,36,45.6,-,5.8,-,6.08
Gatlin O'Donkor,0(1),3,-,-,2,100,-,-,-,6.07
Dan McNamara,3(5),311,-,0.1,13,71.2,0.1,1,-,6.07
Ryan Nyambe,3(4),262,-,-,10.6,83.8,-,0.1,-,6.07
Owen Eames,0(2),13,-,-,0.5,100,-,-,-,6.07
Reece Johnson,4(7),435,-,0.1,14.1,68.4,-,0.4,-,6.06
Brandon Williams,0(1),5,-,-,4,100,-,-,-,6.06
Dujuan Richards,0(1),13,-,-,1,-,-,-,-,6.06
Ryan Andrews,0(3),29,-,-,2,33.3,-,0.3,-,6.06
Miguel Ángel Brau,1(7),193,-,0.1,7.9,68.3,0.4,0.4,-,6.06
Yukinari Sugawara,1(1),67,-,1,21,90.5,0.5,1,-,6.06
Ryan Hardie,2(4),179,-,0.2,4.8,69,-,-,-,6.05
Jamie Shackleton,0(3),21,-,-,1,66.7,-,-,-,6.05
Rio Shipston,0(4),24,-,-,3.3,69.2,-,-,-,6.05
Bruno Fernandes,0(4),14,-,-,2,62.5,-,-,-,6.04
Harry Cornick,0(1),6,-,-,3,100,-,-,-,6.04
Nathan Broadhead,0(1),22,-,-,8,37.5,-,-,-,6.04
Thomas Waddingham,0(4),55,-,-,1.3,100,-,-,-,6.04
Conor Chaplin,1(3),133,-,0.5,16,78.1,-,0.5,-,6.04
Edoardo Bove,0(1),4,-,1,1,100,-,-,-,6.03
Harry Ashfield,0(1),3,-,-,5,80,-,-,-,6.03
Kanya Fujimoto,0(2),2,-,0.5,1,100,-,-,-,6.03
Milan Smit,3(1),223,-,0.3,4.3,64.7,-,-,-,6.03
Tom Bradshaw,0(5),64,-,0.2,4.4,40.9,-,-,-,6.02
Finley Munroe,0(2),6,-,-,3.5,100,-,-,-,6.02
Jahnoah Markelo,0(1),8,-,-,1,-,-,-,-,6.02
Tom Watson,1(2),107,-,-,6,77.8,-,0.3,-,6.02
Neto Borges,0(3),10,-,-,3.7,90.9,-,-,-,6.02
Devlan Moses,0(4),16,-,0.3,0.8,66.7,-,-,-,6.02
Bobby Wales,0(4),22,-,-,1.8,42.9,-,-,-,6.01
Jacob Farrell,0(1),7,-,-,3,66.7,-,-,-,6.01
Fally Mayulu,1(9),131,-,-,4,55,-,0.1,-,6.01
Micah Hamilton,1(3),51,-,0.3,4.8,89.5,-,-,-,6.01
Cruz Allen,0(1),1,-,-,1,-,-,-,-,6
Franco Umeh,0(1),1,-,-,3,100,-,-,-,6
Noah Mawene,0(1),1,-,-,-,-,-,-,-,6
Pierre Dwomoh,0(1),1,-,-,2,100,-,-,-,6
Tammer Bany,0(1),1,-,-,1,-,-,-,-,6
Tom Dele-Bashiru,0(1),4,-,-,3,100,-,-,-,6
Wes Harding,2(6),201,-,-,10.4,65.1,-,0.3,-,6
James Morris,0(2),4,-,-,0.5,-,-,-,-,6
Jay Rodriguez,0(4),7,-,-,1.3,60,-,-,-,6
Toby Collyer,0(1),14,-,-,15,80,-,1,-,5.99
Joe Aribo,1(1),104,-,0.5,16,75,-,0.5,-,5.99
Nathan Dlamini,0(4),26,-,-,2.5,70,-,-,-,5.99
Aji Alese,0(1),4,-,-,9,55.6,-,-,-,5.98
Joe Emery,0(1),3,-,-,1,100,-,-,-,5.98
Joe Aribo,0(7),111,-,-,5,91.4,-,-,-,5.98
Damion Downs,1(10),277,1,0.1,2.8,71,-,0.2,-,5.97
Kevin Nisbet,0(2),13,-,-,2.5,60,-,-,-,5.97
Archie Baptiste,0(1),1,-,-,1,-,-,-,-,5.97
Josh Laqeretabua,0(1),2,-,-,1,100,-,-,-,5.97
Marcus Forss,0(1),1,-,-,1,100,-,-,-,5.97
Nicholas Oyekunle,0(2),29,-,-,3,66.7,-,-,-,5.97
Aodhan Doherty,1(2),85,-,-,9,66.7,-,0.3,-,5.97
Louie Sibley,0(3),19,-,-,4.3,76.9,-,-,-,5.96
Matty Godden,1(5),137,-,-,4.7,64.3,-,-,-,5.96
Davis Keillor-Dunn,0(1),18,-,-,7,57.1,-,-,-,5.96
Yunus Konak,1(2),102,-,-,14,73.8,-,1.3,-,5.95
Seny Dieng,1,90,-,-,27,40.7,-,5,-,5.93
Jack Grieves,0(1),18,-,-,2,50,-,-,-,5.91
Taylor Gardner-Hickman,0(1),1,-,-,-,-,-,-,-,5.88
Paddy McNair,2,166,-,0.5,69.5,89.2,-,5.5,-,5.87
Joel Ndala,2(1),197,-,0.7,11,81.8,-,0.3,-,5.87
Favour Onukwuli,0(3),20,-,0.3,2,66.7,-,-,-,5.85
Olabade Aluko,1(4),146,-,0.2,12.2,90.2,-,0.4,-,5.85
Olutayo Singerr,0(1),16,-,-,2,-,-,-,-,5.83
Nathan Redmond,0(6),103,-,-,8.2,73.5,-,0.5,-,5.82
Joe Williams,0(2),30,-,-,18,72.2,-,0.5,-,5.81
Aidomo Emakhu,2(1),160,-,-,8.7,69.2,0.3,-,-,5.74
Joe Wildsmith,7,630,-,-,25.3,37.9,-,4.9,-,5.7
Marvelous Nakamba,0(1),29,-,-,14,71.4,-,-,-,5.66
Adam Davies,0(1),45,-,-,12,58.3,-,4,-,5.46
Joe Rothwell,0(1),35,-,1,11,81.8,-,-,-,5.15
Rhys Norrington-Davies,1,57,-,-,58,89.7,-,2,-,4.71