Player,Nation,Pos,Squad,Age,Born,90s,Gls,Sh,SoT,SoT%,Sh/90,SoT/90,G/Sh,G/SoT,PK,PKatt
James Abankwah,ie IRL,RB,Watford,22-038,2004,18.3,0,6,0,0,0.33,0,0,,0,0
Ebou Adams,gm GAM,MF,Derby County,30-039,1996,16.7,1,9,1,11.1,0.54,0.06,0.11,1,0,0
Ebou Adams,gm GAM,MF,Portsmouth,30-039,1996,7.3,2,14,5,35.7,1.92,0.68,0.14,0.4,0,0
Kealey Adamson,au AUS,RB,Queens Park Rangers,22-351,2003,0.6,0,4,0,0,6.92,0,0,,0,0
Tayo Adaramola,ie IRL,LB,Sheffield Weds,22-101,2003,2.7,0,2,1,50,0.73,0.37,0,0,0,0
Oladapo Afolayan,eng ENG,RW,Blackburn Rovers,28-011,1998,0.9,0,0,0,,0,0,,,0,0
Patrick Agyemang,us USA,ST,Derby County,25-108,2000,24.2,10,63,25,39.7,2.6,1.03,0.16,0.4,0,0
Ali Ahmed,ca CAN,LM,Norwich City,25-136,2000,5,2,8,3,37.5,1.61,0.61,0.25,0.67,0,0
Semi Ajayi,ng NGA,CB,Hull City,32-106,1993,9.7,1,5,4,80,0.52,0.41,0.2,0.25,0,0
Babajide Akintola,ng NGA,RM,Hull City,30-041,1996,5.7,1,10,4,40,1.76,0.71,0.1,0.25,0,0
Chuba Akpom,eng ENG,CF,Ipswich Town,30-137,1995,8.9,2,19,8,42.1,2.12,0.89,0.11,0.25,0,0
Yisa Alao,,MF,Sheffield Weds,,,0.7,0,0,0,,0,0,,,0,0
Ryan Alebiosu,ng NGA,RB,Blackburn Rovers,24-068,2001,23.2,1,13,2,15.4,0.56,0.09,0.08,0.5,0,0
Ajibola Alese,eng ENG,CB,Portsmouth,25-037,2001,0.1,0,0,0,,0,0,,,0,0
Cruz Allen,wls WAL,AM,Derby County,18-363,2007,0,0,0,0,,0,0,,,0,0
Jamie Allen,eng ENG,CM,Coventry City,31-025,1995,6.2,1,6,2,33.3,0.96,0.32,0.17,0.5,0,0
Max Alleyne,eng ENG,CB,Watford,20-217,2005,14,0,5,0,0,0.36,0,0,,0,0
Millenic Alli,ie IRL,LW,Portsmouth,26-017,2000,7.7,1,20,5,25,2.6,0.65,0.05,0.2,0,0
Ryan Allsop,eng ENG,GK,Birmingham City,33-251,1992,10,0,0,0,,0,0,,,0,0
Olabade Aluko,,DF,Leicester City,,,1.7,0,2,0,0,1.21,0,0,,0,0
Papa Amadou Diallo,sn SEN,LW,Norwich City,21-243,2004,5.9,0,8,2,25,1.35,0.34,0,0,0,0
Harry Amass,eng ENG,MF,Norwich City,18-344,2007,0.2,0,0,0,,0,0,,,0,0
Harry Amass,eng ENG,MF,Sheffield Weds,18-344,2007,20.7,1,14,3,21.4,0.68,0.14,0.07,0.33,0,0
Jaydon Amauri Banel,nl NED,LW,Derby County,21-127,2004,0.6,0,1,1,100,1.73,1.73,0,0,0,0
Karoy Anderson,jm JAM,CM,Charlton Athletic,21-145,2004,5.9,0,2,0,0,0.34,0,0,,0,0
Keshi Anderson,eng ENG,"FW,MF",Portsmouth,30-323,1995,0.5,0,0,0,,0,0,,,0,0
Keshi Anderson,eng ENG,MF,Birmingham City,30-323,1995,8.1,1,11,4,36.4,1.36,0.5,0.09,0.25,0,0
Kai Andrews,wls WAL,CM,Coventry City,19-201,2006,0.7,0,0,0,,0,0,,,0,0
Ryan Andrews,eng ENG,RB,Watford,21-181,2004,0.3,0,0,0,,0,0,,,0,0
Robert Apter,sct SCO,RW,Charlton Athletic,22-306,2003,6.5,1,12,5,41.7,1.83,0.76,0.08,0.2,0,0
Oliver Arblaster,eng ENG,CM,Sheffield United,21-294,2004,7.2,0,7,1,14.3,0.98,0.14,0,0,0,0
Cameron Archer,eng ENG,ST,Southampton,24-217,2001,7.3,2,20,7,35,2.74,0.96,0.1,0.29,0,0
Joe Aribo,ng NGA,"FW,MF",Southampton,29-217,1996,1.3,0,0,0,,0,0,,,0,0
Joe Aribo,ng NGA,MF,Leicester City,29-217,1996,1.2,0,1,1,100,0.87,0.87,0,0,0,0
Adam Armstrong,eng ENG,ST,Southampton,29-013,1997,22.6,11,87,37,42.5,3.85,1.64,0.11,0.27,1,3
Harrison Armstrong,eng ENG,MF,Preston North End,19-035,2007,12.5,1,9,2,22.2,0.72,0.16,0.11,0.5,0,0
Sinclair Armstrong,ie IRL,ST,Bristol City,22-246,2003,14.6,4,39,20,51.3,2.68,1.37,0.1,0.2,0,0
Harry Ashfield,eng ENG,AM,Wrexham,19-337,2006,0,0,0,0,,0,0,,,0,0
Tom Atcheson,nir NIR,CB,Blackburn Rovers,19-154,2006,3.6,0,2,1,50,0.56,0.28,0,0,0,0
Robert Atkinson,eng ENG,CB,Bristol City,27-225,1998,20,3,8,5,62.5,0.4,0.25,0.38,0.6,0,0
Jordan Ayew,gh GHA,ST,Leicester City,34-165,1991,22,5,40,15,37.5,1.82,0.68,0.08,0.2,2,3
Luke Ayling,eng ENG,RB,Middlesbrough,34-182,1991,26.7,1,15,4,26.7,0.56,0.15,0.07,0.25,0,0
Finn Azaz,ie IRL,"MF,FW",Southampton,25-169,2000,22.4,7,62,22,35.5,2.77,0.98,0.11,0.32,0,0
Finn Azaz,ie IRL,MF,Middlesbrough,25-169,2000,1,1,3,1,33.3,2.9,0.97,0.33,1,0,0
Femi Azeez,eng ENG,RM,Millwall,24-263,2001,18.6,7,57,19,33.3,3.07,1.02,0.12,0.37,0,0
Ivan Azón,es ESP,ST,Ipswich Town,23-061,2002,11.7,3,48,18,37.5,4.11,1.54,0.06,0.17,0,0
Kwadwo Baah,eng ENG,LW,Watford,23-027,2003,8.2,1,22,7,31.8,2.69,0.85,0.05,0.14,0,0
Lewis Baker,eng ENG,CM,Stoke City,30-304,1995,11.1,4,13,4,30.8,1.18,0.36,0.31,1,0,0
Thierno Ballo,at AUT,LW,Millwall,24-052,2002,16.2,1,26,10,38.5,1.6,0.62,0.04,0.1,0,0
Patrick Bamford,eng ENG,ST,Sheffield United,32-171,1993,9.9,8,33,19,57.6,3.34,1.92,0.24,0.42,0,0
Alex Bangura,sl SLE,LB,Middlesbrough,26-225,1999,4.8,0,2,2,100,0.41,0.41,0,0,0,0
Raees Bangura-Williams,,MF,Millwall,,,5.1,1,11,4,36.4,2.17,0.79,0.09,0.25,0,0
Tamer Bani Odeh,jo JOR,ST,West Bromwich Albion,22-127,2003,0,0,0,0,,0,0,,,0,0
Barry Bannan,sct SCO,MF,Sheffield Weds,36-084,1989,27.2,3,29,11,37.9,1.07,0.4,0.1,0.27,0,0
Barry Bannan,sct SCO,MF,Millwall,36-084,1989,1.8,0,2,1,50,1.12,0.56,0,0,0,0
Moussa Baradji,fr FRA,CM,Blackburn Rovers,25-095,2000,11.1,2,25,6,24,2.26,0.54,0.08,0.33,0,0
Ryan Barnett,eng ENG,RB,Wrexham,26-153,1999,4.7,0,0,0,,0,0,,,0,0
Louie Barry,eng ENG,LW,Sheffield United,22-247,2003,4.9,0,6,2,33.3,1.21,0.4,0,0,0,0
Danny Batth,eng ENG,CB,Derby County,35-155,1990,6.7,0,1,0,0,0.15,0,0,,0,0
Nathan Baxter,eng ENG,GK,Watford,27-107,1998,6.5,0,0,0,,0,0,,,0,0
Gavin Bazunu,ie IRL,GK,Stoke City,24-003,2002,1,0,0,0,,0,0,,,0,0
Gavin Bazunu,ie IRL,GK,Southampton,24-003,2002,19,0,0,0,,0,0,,,0,0
James Beadle,eng ENG,GK,Birmingham City,21-222,2004,23,0,1,0,0,0.04,0,0,,0,0
Asmir Begović,ba BIH,GK,Leicester City,38-248,1987,7.5,0,0,0,,0,0,,,0,0
Amari'i Bell,jm JAM,CB,Charlton Athletic,31-294,1994,20.7,0,3,0,0,0.14,0,0,,0,0
Sam Bell,eng ENG,LW,Bristol City,23-276,2002,1.7,1,5,4,80,2.98,2.38,0.2,0.25,0,0
Bachir Belloumi,dz ALG,RM,Hull City,23-267,2002,5.8,1,18,8,44.4,3.12,1.39,0.06,0.13,0,0
Anis Ben Slimane,tn TUN,CM,Norwich City,24-344,2001,6.4,4,10,9,90,1.56,1.41,0.4,0.44,0,0
Steven Benda,de GER,GK,Millwall,27-145,1998,9,0,0,0,,0,0,,,0,0
Daniel Bennie,au AUS,LW,Queens Park Rangers,19-316,2006,3.4,1,8,3,37.5,2.35,0.88,0.13,0.33,0,0
Victor Bernth Kristiansen,dk DEN,LB,Leicester City,23-069,2002,1.9,0,0,0,,0,0,,,0,0
Luke Berry,eng ENG,CM,Charlton Athletic,33-226,1992,4.7,1,10,3,30,2.13,0.64,0.1,0.33,0,0
Florian Bianchini,fr FRA,RM,Portsmouth,24-243,2001,5.7,0,14,5,35.7,2.46,0.88,0,0,0,0
Jake Bidwell,eng ENG,LB,Coventry City,32-339,1993,2.9,0,1,0,0,0.35,0,0,,0,0
Krystian Bielik,pl POL,CB,West Bromwich Albion,28-050,1998,9,0,5,4,80,0.56,0.45,0,0,0,0
Tyler Bindon,nz NZL,CB,Sheffield United,21-027,2005,14.9,1,11,3,27.3,0.74,0.2,0.09,0.33,0,0
Max Bird,eng ENG,CM,Bristol City,25-158,2000,1.8,2,4,2,50,2.18,1.09,0.5,1,0,0
Colby Bishop,eng ENG,ST,Portsmouth,29-111,1996,26.4,2,44,16,36.4,1.67,0.61,0.02,0.06,1,2
Corey Blackett-Taylor,eng ENG,LW,Derby County,28-153,1997,3,0,8,2,25,2.64,0.66,0,0,0,0
Harvey Blair,eng ENG,RW,Portsmouth,22-162,2003,3,0,2,0,0,0.68,0,0,,0,0
Eric Bocat,fr FRA,LB,Stoke City,26-222,1999,9,0,5,0,0,0.55,0,0,,0,0
Marc Bola,eng ENG,LB,Watford,28-076,1997,26,1,29,7,24.1,1.12,0.27,0.03,0.14,0,0
Neto Borges,br BRA,"DF,MF",Middlesbrough,29-163,1996,0.1,0,0,0,,0,0,,,0,0
Neto Borges,br BRA,"MF,DF",Bristol City,29-163,1996,18.8,0,17,3,17.6,0.9,0.16,0,0,0,0
Raphael Borges Rodrigues,au AUS,LW,Coventry City,22-165,2003,0.4,0,0,0,,0,0,,,0,0
Oliver Bostock,wls WAL,AM,West Bromwich Albion,19-003,2007,0.1,0,0,0,,0,0,,,0,0
Edoardo Bove,it ITA,CM,Watford,23-283,2002,0.1,0,0,0,,0,0,,,0,0
Ibane Bowat,sct SCO,CB,Portsmouth,23-161,2002,6.4,1,6,2,33.3,0.93,0.31,0.17,0.5,0,0
Róbert Boženík,sk SVK,ST,Stoke City,26-097,1999,7,1,21,7,33.3,3.01,1,0.05,0.14,0,0
Tom Bradshaw,wls WAL,FW,Oxford United,33-211,1992,0.8,0,1,0,0,1.3,0,0,,0,0
Cameron Bragg,eng ENG,MF,Southampton,20-319,2005,3.8,0,1,1,100,0.26,0.26,0,0,0,0
Cameron Brannagan,eng ENG,CM,Oxford United,29-290,1996,22.5,4,43,15,34.9,1.91,0.67,0.09,0.27,0,0
Brau,es ESP,DF,Coventry City,24-058,2001,2.2,0,2,0,0,0.9,0,0,,0,0
James Bree,eng ENG,DF,Southampton,28-135,1997,4.9,0,5,1,20,1.03,0.21,0,0,0,0
James Bree,eng ENG,"MF,DF",Charlton Athletic,28-135,1997,18.6,2,13,4,30.8,0.7,0.22,0.15,0.5,0,0
Ben Brereton,cl CHI,ST,Derby County,26-311,1999,22.9,3,41,14,34.1,1.79,0.61,0.07,0.21,0,0
Rhian Brewster,eng ENG,ST,Derby County,25-328,2000,13.1,5,27,9,33.3,2.07,0.69,0.15,0.44,1,1
Callum Brittain,eng ENG,RB,Middlesbrough,27-348,1998,27.2,0,25,6,24,0.92,0.22,0,0,0,0
Nathan Broadhead,wls WAL,"FW,MF",Ipswich Town,27-324,1998,0.3,0,0,0,,0,0,,,0,0
Nathan Broadhead,wls WAL,"FW,MF",Wrexham,27-324,1998,15.2,5,41,10,24.4,2.71,0.66,0.12,0.5,0,0
Andre Brooks,eng ENG,CM,Sheffield United,22-187,2003,19.2,5,33,10,30.3,1.72,0.52,0.15,0.5,0,0
Ciaron Brown,nir NIR,CB,Oxford United,28-040,1998,23.9,1,17,5,29.4,0.71,0.21,0.06,0.2,0,0
Dajaune Brown,jm JAM,FW,Derby County,20-130,2005,0,0,0,0,,0,0,,,0,0
George Brown,,FW,Sheffield Weds,,,3.4,2,7,3,42.9,2.03,0.87,0.29,0.67,0,0
Jacob Brown,sct SCO,FW,Portsmouth,27-319,1998,1.3,0,2,1,50,1.57,0.78,0,0,0,0
Alan Browne,ie IRL,CM,Middlesbrough,30-314,1995,18.1,3,18,6,33.3,1,0.33,0.17,0.5,0,0
Lewis Brunt,eng ENG,DF,Wrexham,25-109,2000,6.1,0,2,0,0,0.33,0,0,,0,0
Joe Bryan,eng ENG,DF,Millwall,32-159,1993,7.7,0,2,0,0,0.26,0,0,,0,0
Solomon Brynn,eng ENG,GK,Middlesbrough,25-116,2000,33,0,0,0,,0,0,,,0,0
Cameron Burgess,au AUS,CB,Swansea City,30-125,1995,33,0,20,3,15,0.61,0.09,0,0,0,0
Delano Burgzorg,sr SUR,"MF,FW",Middlesbrough,27-108,1998,12,2,26,8,30.8,2.16,0.66,0.08,0.25,0,0
Delano Burgzorg,sr SUR,MF,Bristol City,27-108,1998,1.7,0,3,1,33.3,1.8,0.6,0,0,0,0
Reece Burke,eng ENG,DF,Charlton Athletic,29-174,1996,8.3,1,6,2,33.3,0.72,0.24,0.17,0.5,0,0
Wes Burns,wls WAL,MF,Ipswich Town,31-092,1994,4,1,3,2,66.7,0.76,0.51,0.33,0.5,0,0
Rumarn Burrell,jm JAM,ST,Queens Park Rangers,25-069,2000,20.5,10,34,21,61.8,1.66,1.02,0.29,0.48,0,0
Harrison Burrows,eng ENG,LB,Sheffield United,24-042,2002,20.6,2,20,6,30,0.97,0.29,0.1,0.33,0,1
Josef Bursik,eng ENG,GK,Portsmouth,25-226,2000,9,0,1,0,0,0.11,0,0,,0,0
Gustavo Caballero,py PAR,MF,Portsmouth,24-155,2001,1.8,1,5,3,60,2.83,1.7,0.2,0.33,0,0
Ben Cabango,wls WAL,CB,Swansea City,25-269,2000,31.8,1,16,5,31.3,0.5,0.16,0.06,0.2,0,0
Liberato Cacace,nz NZL,MF,Wrexham,25-149,2000,8,0,7,1,14.3,0.87,0.12,0,0,0,0
Bailey-Tye Cadamarteri,jm JAM,ST,Sheffield Weds,20-290,2005,23.4,2,44,14,31.8,1.88,0.6,0.05,0.14,0,0
Jens Cajuste,se SWE,DM,Ipswich Town,26-197,1999,12.5,1,17,5,29.4,1.36,0.4,0.06,0.2,0,0
George Campbell,us USA,CB,West Bromwich Albion,24-246,2001,21.5,1,18,6,33.3,0.84,0.28,0.06,0.17,0,0
Tyreece Campbell,jm JAM,LW,Charlton Athletic,22-162,2003,24.6,3,47,11,23.4,1.91,0.45,0.06,0.27,0,0
Tyrese Campbell,eng ENG,ST,Sheffield United,26-057,1999,18.9,5,39,11,28.2,2.06,0.58,0.13,0.45,0,0
Thomas Cannon,ie IRL,ST,Sheffield United,23-057,2002,13.9,4,27,12,44.4,1.95,0.86,0.15,0.33,0,0
Todd Cantwell,eng ENG,AM,Blackburn Rovers,27-361,1998,18.4,4,33,12,36.4,1.79,0.65,0.09,0.25,1,1
Sonny Carey,eng ENG,AM,Charlton Athletic,25-034,2001,26.6,8,73,24,32.9,2.74,0.9,0.11,0.33,0,0
Julián Carranza,ar ARG,FW,Leicester City,25-277,2000,3.5,0,7,3,42.9,1.98,0.85,0,0,0,0
Hayden Carter,eng ENG,DF,Blackburn Rovers,26-068,1999,4.4,0,1,1,100,0.23,0.23,0,0,0,0
Kaelan Casey,eng ENG,DF,Swansea City,21-118,2004,3.2,0,3,1,33.3,0.92,0.31,0,0,0,0
Eiran Cashin,ie IRL,DF,Blackburn Rovers,24-106,2001,7,1,3,1,33.3,0.43,0.14,0.33,1,0,0
Eiran Cashin,ie IRL,DF,Birmingham City,24-106,2001,4.7,0,7,1,14.3,1.5,0.21,0,0,0,0
Leo Castledine,eng ENG,FW,Middlesbrough,20-187,2005,1.5,0,6,2,33.3,3.97,1.32,0,0,0,0
Žan Celar,si SVN,FW,Queens Park Rangers,26-346,1999,0.8,0,0,0,,0,0,,,0,0
Ilias Chair,ma MAR,MF,Queens Park Rangers,28-116,1997,8.9,1,29,11,37.9,3.26,1.24,0.03,0.09,0,0
Giorgi Chakvetadze,ge GEO,"MF,FW",Watford,26-178,1999,10.6,0,9,4,44.4,0.85,0.38,0,0,0,0
Nathaniel Chalobah,eng ENG,MF,Sheffield Weds,31-073,1994,0.8,1,2,2,100,2.43,2.43,0.5,0.5,0,0
Luke Chambers,eng ENG,MF,Charlton Athletic,21-244,2004,4.9,0,4,4,100,0.81,0.81,0,0,0,0
Archie Chaplin,eng ENG,DF,Middlesbrough,20-118,2005,0,0,0,0,,0,0,,,0,0
Conor Chaplin,eng ENG,MF,Portsmouth,29-007,1997,17.7,1,41,7,17.1,2.32,0.4,0.02,0.14,0,0
Conor Chaplin,eng ENG,MF,Ipswich Town,29-007,1997,1.5,0,5,0,0,3.33,0,0,,0,0
Pierce Charles,nir NIR,GK,Sheffield Weds,20-217,2005,9,0,0,0,,0,0,,,0,0
Shea Charles,nir NIR,DM,Southampton,22-110,2003,13.8,1,18,6,33.3,1.31,0.44,0.06,0.17,0,0
Tahith Chong,cw CUW,MF,Sheffield United,26-081,1999,4.3,0,5,2,40,1.16,0.46,0,0,0,0
Hamza Choudhury,bd BAN,DM,Leicester City,28-145,1997,12.1,0,6,0,0,0.5,0,0,,0,0
Benjamin Chrisene,eng ENG,LB,Norwich City,22-042,2004,12.2,1,6,2,33.3,0.49,0.16,0.17,0.5,0,0
Lamine Cissé,fr FRA,RW,Stoke City,23-008,2003,11.8,0,19,7,36.8,1.61,0.59,0,0,0,0
Bobby Clark,eng ENG,CM,Derby County,21-016,2005,24.8,3,35,5,14.3,1.41,0.2,0.09,0.6,0,0
Harry Clarke,eng ENG,MF,Charlton Athletic,24-358,2001,6,0,2,1,50,0.33,0.17,0,0,0,0
Jack Clarke,eng ENG,LW,Ipswich Town,25-092,2000,17.3,12,38,16,42.1,2.19,0.92,0.21,0.5,4,4
Matthew Clarke,eng ENG,CB,Derby County,29-154,1996,31.9,1,13,1,7.7,0.41,0.03,0.08,1,0,0
Jake Clarke-Salter,eng ENG,DF,Queens Park Rangers,28-154,1997,2.7,0,0,0,,0,0,,,0,0
Max Cleworth,wls WAL,CB,Wrexham,23-198,2002,31,1,24,4,16.7,0.77,0.13,0.04,0.25,0,0
Conor Coady,eng ENG,MF,Charlton Athletic,32-363,1993,4.1,0,2,1,50,0.48,0.24,0,0,0,0
Conor Coady,eng ENG,DF,Wrexham,32-363,1993,4.9,0,2,0,0,0.41,0,0,,0,0
Josh Coburn,eng ENG,"FW,MF",Millwall,23-079,2002,9.6,3,19,7,36.8,1.99,0.73,0.16,0.43,0,0
Alex Cochrane,eng ENG,LB,Birmingham City,25-308,2000,17,1,9,4,44.4,0.53,0.24,0.11,0.25,0,0
Toby Collyer,eng ENG,MF,West Bromwich Albion,22-051,2004,2.9,0,2,0,0,0.7,0,0,,0,0
Toby Collyer,eng ENG,MF,Hull City,22-051,2004,0.2,0,0,0,,0,0,,,0,0
Tommy Conway,sct SCO,ST,Middlesbrough,23-201,2002,28.5,7,55,23,41.8,1.93,0.81,0.11,0.26,1,1
Steve Cook,eng ENG,CB,Queens Park Rangers,34-310,1991,22.1,1,19,2,10.5,0.86,0.09,0.05,0.5,0,0
Jake Cooper,eng ENG,CB,Millwall,31-020,1995,32,2,26,9,34.6,0.81,0.28,0.08,0.22,0,0
Liam Cooper,sct SCO,DF,Sheffield Weds,34-177,1991,10.1,1,3,1,33.3,0.3,0.1,0.33,1,0,0
Michael Cooper,eng ENG,GK,Sheffield United,26-138,1999,32.5,0,0,0,,0,0,,,0,0
Murphy Cooper,eng ENG,GK,Sheffield Weds,24-058,2001,7,0,0,0,,0,0,,,0,0
Oliver Cooper,wls WAL,MF,Swansea City,26-071,1999,0.3,0,0,0,,0,0,,,0,0
José Cordoba,pa PAN,CB,Norwich City,24-354,2001,13.9,0,5,1,20,0.36,0.07,0,0,0,0
David Cornell,wls WAL,GK,Preston North End,34-332,1991,4,0,0,0,,0,0,,,0,0
Harry Cornick,eng ENG,"FW,MF",Bristol City,30-320,1995,0.1,0,0,0,,0,0,,,0,0
Conor Coventry,ie IRL,DM,Charlton Athletic,25-335,2000,24.7,0,10,1,10,0.4,0.04,0,0,0,0
Lewie Coyle,eng ENG,RB,Hull City,30-131,1995,24.4,0,8,1,12.5,0.33,0.04,0,0,0,0
Tristan Crama,fr FRA,CB,Millwall,24-107,2001,32.6,2,26,9,34.6,0.8,0.28,0.08,0.22,0,0
Aaron Cresswell,eng ENG,LB,Stoke City,36-070,1989,20,0,13,3,23.1,0.65,0.15,0,0,0,0
Ante Crnac,hr CRO,"MF,FW",Norwich City,22-068,2003,8.4,0,16,2,12.5,1.9,0.24,0,0,0,0
Max Crocombe,nz NZL,GK,Millwall,32-195,1993,23,0,0,0,,0,0,,,0,0
Matt Crooks,eng ENG,CM,Hull City,32-034,1994,18.2,2,15,4,26.7,0.82,0.22,0.13,0.5,0,0
Liam Cullen,wls WAL,AM,Swansea City,26-306,1999,14.1,3,29,10,34.5,2.06,0.71,0.1,0.3,0,0
Jamie Cumming,eng ENG,GK,Oxford United,26-172,1999,33,0,0,0,,0,0,,,0,0
Luke Cundle,eng ENG,MF,Millwall,23-303,2002,8.8,2,11,6,54.5,1.24,0.68,0.18,0.33,0,0
Jack Currie,eng ENG,LB,Oxford United,23-121,2002,18.9,0,5,1,20,0.26,0.05,0,0,0,0
Patson Daka,zm ZAM,ST,Leicester City,27-137,1998,12.7,2,26,8,30.8,2.05,0.63,0.08,0.25,0,0
Harry Darling,eng ENG,CB,Norwich City,26-199,1999,24.5,1,13,3,23.1,0.53,0.12,0.08,0.33,0,0
Jay Dasilva,wls WAL,LB,Coventry City,27-307,1998,27.8,0,13,0,0,0.47,0,0,,0,0
Adam Davies,wls WAL,GK,Sheffield United,33-221,1992,0.5,0,0,0,,0,0,,,0,0
Ben Davies,eng ENG,DF,Oxford United,30-196,1995,7.2,0,3,0,0,0.42,0,0,,0,0
Tom Davies,eng ENG,MF,Sheffield United,27-238,1998,3.2,0,4,1,25,1.25,0.31,0,0,0,0
Leif Davis,eng ENG,LB,Ipswich Town,26-042,2000,27.8,2,19,5,26.3,0.68,0.18,0.11,0.4,0,0
Bobby De Cordova-Reid,jm JAM,AM,Leicester City,33-021,1993,13.2,5,26,10,38.5,1.97,0.76,0.19,0.5,0,1
Brian De Keersmaecker,be BEL,DM,Oxford United,25-293,2000,25,1,40,11,27.5,1.6,0.44,0.03,0.09,0,0
Dion De Neve,be BEL,MF,Blackburn Rovers,23-256,2002,9.4,0,5,1,20,0.53,0.11,0,0,0,0
Tom Dele-Bashiru,ng NGA,MF,Watford,26-159,1999,0.1,0,1,0,0,18,0,0,,0,0
Karamoko Dembélé,eng ENG,AM,Queens Park Rangers,23-001,2003,16.9,1,41,9,22,2.42,0.53,0.02,0.11,0,0
Siriki Dembélé,ci CIV,MF,Oxford United,29-169,1996,7.3,0,7,0,0,0.96,0,0,,0,0
Enis Destan,tr TUR,FW,Hull City,23-253,2002,4.9,2,9,3,33.3,1.83,0.61,0.22,0.67,0,0
Alfie Devine,eng ENG,AM,Preston North End,21-206,2004,24.4,6,62,17,27.4,2.54,0.7,0.1,0.35,0,0
Terry Devlin,nir NIR,RB,Portsmouth,22-109,2003,18.3,5,21,10,47.6,1.15,0.55,0.24,0.5,0,0
Ousmane Diakité,ml MLI,DM,West Bromwich Albion,25-213,2000,15,1,18,5,27.8,1.2,0.33,0.06,0.2,0,0
Tyler Dibling,eng ENG,MF,Southampton,19-348,2006,0.1,0,0,0,,0,0,,,0,0
Robert Dickie,eng ENG,CB,Bristol City,29-357,1996,28.7,1,17,3,17.6,0.59,0.1,0.06,0.33,0,0
Seny Dieng,sn SEN,GK,Sheffield Weds,31-092,1994,1,0,0,0,,0,0,,,0,0
Daryl Dike,us USA,FW,West Bromwich Albion,25-265,2000,2.1,0,4,0,0,1.91,0,0,,0,0
Nathan Dlamini,,FW,Blackburn Rovers,,,0.3,0,0,0,,0,0,,,0,0
Lewis Dobbin,eng ENG,LW,Preston North End,23-051,2003,17.3,7,47,15,31.9,2.72,0.87,0.15,0.47,0,0
George Dobson,eng ENG,DM,Wrexham,28-100,1997,23,1,15,3,20,0.65,0.13,0.07,0.33,0,0
Greg Docherty,sct SCO,CM,Charlton Athletic,29-166,1996,22.1,0,23,5,21.7,1.04,0.23,0,0,0,1
Aodhan Doherty,nir NIR,MF,Blackburn Rovers,19-296,2006,0.9,0,0,0,,0,0,,,0,0
Jamie Donley,nir NIR,MF,Stoke City,21-051,2005,0.9,0,2,1,50,2.22,1.11,0,0,0,0
Jamie Donley,nir NIR,MF,Oxford United,21-051,2005,0.4,0,0,0,,0,0,,,0,0
Alfie Doughty,eng ENG,LM,Millwall,26-064,1999,14.7,0,10,2,20,0.68,0.14,0,0,0,0
Mamadou Doumbia,ml MLI,ST,Watford,20-005,2006,15,4,33,10,30.3,2.21,0.67,0.12,0.4,0,0
Kieran Dowell,eng ENG,MF,Hull City,28-136,1997,1.7,1,2,1,50,1.18,0.59,0.5,1,0,0
Flynn Downes,eng ENG,DM,Southampton,27-034,1999,21.1,1,11,2,18.2,0.52,0.09,0.09,0.5,0,0
Damion Downs,us USA,FW,Southampton,21-232,2004,3.1,0,8,0,0,2.54,0,0,,0,0
Callum Doyle,eng ENG,CB,Wrexham,22-143,2003,18.9,2,15,7,46.7,0.79,0.37,0.13,0.29,0,0
Tommy Doyle,eng ENG,CM,Birmingham City,24-129,2001,17.6,0,19,2,10.5,1.08,0.11,0,0,0,0
Andre Dozzell,eng ENG,CM,Portsmouth,26-297,1999,27.7,1,11,3,27.3,0.4,0.11,0.09,0.33,0,0
Cody Drameh,eng ENG,"DF,MF",Hull City,24-077,2001,8.7,0,6,3,50,0.69,0.34,0,0,0,0
Marvin Ducksch,de GER,ST,Birmingham City,31-353,1994,16,8,39,18,46.2,2.44,1.13,0.21,0.44,0,0
Shane Duffy,ie IRL,DF,Norwich City,34-053,1992,2.9,0,2,2,100,0.69,0.69,0,0,0,0
Jimmy Dunne,ie IRL,RB,Queens Park Rangers,28-127,1997,30.7,3,23,7,30.4,0.75,0.23,0.13,0.43,0,0
Pierre Dwomoh,be BEL,MF,Watford,21-247,2004,0,0,0,0,,0,0,,,0,0
Lyndon Dykes,sct SCO,FW,Charlton Athletic,30-139,1995,7.4,1,15,7,46.7,2.03,0.95,0.07,0.14,0,0
Lyndon Dykes,sct SCO,"MF,FW",Birmingham City,30-139,1995,4.9,2,10,2,20,2.05,0.41,0.2,1,0,0
Owen Eames,,MF,Derby County,,,0.2,0,2,1,50,12.86,6.43,0,0,0,0
George Earthy,eng ENG,MF,Bristol City,21-171,2004,2.1,0,3,0,0,1.45,0,0,,0,0
Josh Eccles,eng ENG,CM,Coventry City,25-323,2000,12.2,4,28,12,42.9,2.3,0.98,0.14,0.33,0,0
George Edmundson,eng ENG,DF,Middlesbrough,28-176,1997,2.4,0,0,0,,0,0,,,0,0
Samuel Edozie,eng ENG,"FW,MF",Southampton,23-026,2003,0.5,0,2,0,0,4.19,0,0,,0,0
Joshua Edwards,eng ENG,"DF,MF",Charlton Athletic,25-272,2000,6.1,0,3,0,0,0.49,0,0,,0,0
Ronnie Edwards,eng ENG,DF,Southampton,22-332,2003,7.4,0,3,1,33.3,0.41,0.14,0,0,0,0
Ronnie Edwards,eng ENG,DF,Queens Park Rangers,22-332,2003,4,0,2,0,0,0.5,0,0,,0,0
John Egan,ie IRL,CB,Hull City,33-126,1992,26.2,1,14,4,28.6,0.54,0.15,0.07,0.25,0,0
Sindre Egeli,no NOR,RW,Ipswich Town,19-247,2006,13.8,2,37,9,24.3,2.68,0.65,0.05,0.22,0,0
Noah Eile,se SWE,DF,Bristol City,23-219,2002,1,0,1,0,0,0.99,0,0,,0,0
Callum Elder,au AUS,LB,Derby County,31-027,1995,23.8,1,7,3,42.9,0.29,0.13,0.14,0.33,0,0
Aidomo Emakhu,ie IRL,MF,Oxford United,22-120,2003,1.8,0,0,0,,0,0,,,0,0
Aidomo Emakhu,ie IRL,MF,Millwall,22-120,2003,12.9,2,31,9,29,2.4,0.7,0.06,0.22,0,0
Joe Emery,,DF,Sheffield Weds,,,0,0,0,0,,0,0,,,0,0
Yunus Emre Konak,tr TUR,MF,Oxford United,20-044,2006,1.1,0,0,0,,0,0,,,0,0
Esquerdinha,br BRA,DF,Queens Park Rangers,19-360,2006,5.7,0,8,1,12.5,1.39,0.17,0,0,0,0
Romain Esse,eng ENG,MF,Coventry City,20-286,2005,4.2,2,11,5,45.5,2.63,1.2,0.18,0.4,0,0
Milan van Ewijk,nl NED,RB,Coventry City,25-168,2000,30.2,0,18,1,5.6,0.6,0.03,0,0,0,0
Wout Faes,be BEL,DF,Leicester City,27-326,1998,9.5,1,7,3,42.9,0.73,0.31,0.14,0.33,0,0
Akin Famewo,eng ENG,DF,Hull City,27-106,1998,6.1,1,2,2,100,0.33,0.33,0.5,0.5,0,0
Jacob Farrell,au AUS,DF,Portsmouth,23-096,2002,0.1,0,0,0,,0,0,,,0,0
Abdul Fatawu Issahaku,gh GHA,RW,Leicester City,21-352,2004,30,8,80,24,30,2.67,0.8,0.1,0.33,0,0
Favour Fawunmi,eng ENG,MF,Stoke City,19-303,2006,0.4,0,1,0,0,2.5,0,0,,0,0
Tom Fellows,eng ENG,MF,Southampton,22-213,2003,18.6,0,27,6,22.2,1.45,0.32,0,0,0,0
Tom Fellows,eng ENG,MF,West Bromwich Albion,22-213,2003,2.6,0,4,0,0,1.57,0,0,,0,0
Bruno Fernandes,pt POR,FW,Sheffield Weds,20-045,2006,0.2,0,0,0,,0,0,,,0,0
Mateus Fernandes,pt POR,MF,Southampton,21-228,2004,2.1,0,4,1,25,1.9,0.48,0,0,0,0
Jayden Fevrier,eng ENG,MF,Charlton Athletic,22-315,2003,0.8,1,2,1,50,2.54,1.27,0.5,1,0,0
Sam Field,eng ENG,MF,Norwich City,27-291,1998,2.3,0,2,0,0,0.86,0,0,,0,0
Sam Field,eng ENG,"MF,DF",Queens Park Rangers,27-291,1998,9.5,0,8,1,12.5,0.84,0.11,0,0,0,0
Kellen Fisher,eng ENG,RB,Norwich City,21-294,2004,26.3,0,12,4,33.3,0.46,0.15,0,0,0,0
Adam Forshaw,eng ENG,MF,Blackburn Rovers,34-138,1991,3.9,0,4,1,25,1.03,0.26,0,0,0,0
Amankwah Forson,gh GHA,MF,Norwich City,23-054,2002,4.9,1,17,3,17.6,3.48,0.61,0.06,0.33,0,0
Marcus Forss,fi FIN,"FW,MF",Middlesbrough,26-250,1999,0,0,0,0,,0,0,,,0,0
Craig Forsyth,sct SCO,"DF,MF",Derby County,36-364,1989,9.9,0,2,0,0,0.2,0,0,,0,0
Gonçalo Franco,pt POR,CM,Swansea City,25-098,2000,26.3,3,24,7,29.2,0.91,0.27,0.13,0.43,0,0
Ryan Fraser,sct SCO,MF,Southampton,31-364,1994,9.8,0,4,3,75,0.41,0.31,0,0,0,0
Oscar Fraulo,dk DEN,MF,Derby County,22-079,2003,2.3,0,1,1,100,0.44,0.44,0,0,0,0
Michael Frey,ch SUI,FW,Queens Park Rangers,31-219,1994,3.5,0,5,1,20,1.44,0.29,0,0,0,0
Dael Fry,eng ENG,CB,Middlesbrough,28-177,1997,12.4,2,5,3,60,0.4,0.24,0.4,0.67,0,0
Mads Frøkjær-Jensen,dk DEN,"MF,FW",Preston North End,26-209,1999,5.7,2,5,3,60,0.88,0.53,0.4,0.67,0,0
Leo Fuhr Hjelde,no NOR,DF,Sheffield United,22-181,2003,0.2,0,0,0,,0,0,,,0,0
Kanya Fujimoto,jp JPN,MF,Birmingham City,26-237,1999,0,0,0,0,,0,0,,,0,0
Ibrahim Fullah,eng ENG,"MF,FW",Charlton Athletic,18-324,2007,3.2,0,6,2,33.3,1.87,0.62,0,0,0,0
Jay Fulton,sct SCO,MF,Swansea City,31-328,1994,8.9,1,7,2,28.6,0.79,0.23,0.14,0.5,0,0
Darnell Furlong,eng ENG,DF,West Bromwich Albion,30-115,1995,3,0,3,0,0,1,0,0,,0,0
Darnell Furlong,eng ENG,DF,Ipswich Town,30-115,1995,24.5,0,9,1,11.1,0.37,0.04,0,0,0,0
Kyogo Furuhashi,jp JPN,ST,Birmingham City,31-034,1995,11.2,1,32,8,25,2.85,0.71,0.03,0.13,0,0
Sean Fusire,zw ZIM,RB,Sheffield Weds,20-268,2005,14,1,12,2,16.7,0.86,0.14,0.08,0.5,0,0
Ethan Galbraith,nir NIR,CM,Swansea City,24-288,2001,29.2,2,47,11,23.4,1.61,0.38,0.04,0.18,0,0
Sam Gallagher,eng ENG,FW,Stoke City,30-161,1995,3.1,1,3,1,33.3,0.95,0.32,0.33,1,0,0
Taylor Gardner-Hickman,eng ENG,DM,Blackburn Rovers,24-055,2001,14.6,0,21,2,9.5,1.44,0.14,0,0,0,0
Taylor Gardner-Hickman,eng ENG,"DF,MF",Birmingham City,24-055,2001,0,0,0,0,,0,0,,,0,0
Joe Gelhardt,eng ENG,ST,Hull City,23-295,2002,20.6,11,60,29,48.3,2.92,1.41,0.17,0.34,1,1
Liam Gibbs,eng ENG,MF,Norwich City,23-069,2002,5,0,7,3,42.9,1.41,0.6,0,0,0,0
Ben Gibson,eng ENG,DF,Stoke City,33-039,1993,2.8,0,4,0,0,1.43,0,0,,0,0
Lewis Gibson,eng ENG,CB,Preston North End,25-219,2000,18.4,1,10,5,50,0.54,0.27,0.1,0.2,0,0
Alexander Gilbert,ie IRL,MF,Middlesbrough,24-057,2001,7.5,1,13,3,23.1,1.73,0.4,0.08,0.33,0,0
Alfie Gilchrist,eng ENG,DF,West Bromwich Albion,22-087,2003,5.3,0,2,0,0,0.37,0,0,,0,0
Ryan Giles,eng ENG,LB,Hull City,26-028,2000,24,0,10,2,20,0.42,0.08,0,0,0,0
Macaulay Gillesphey,eng ENG,CB,Charlton Athletic,30-091,1995,19,2,9,5,55.6,0.47,0.26,0.22,0.4,0,0
Brodie Gilmore,nir NIR,RB,Oxford United,21-293,2004,15.9,0,3,1,33.3,0.19,0.06,0,0,0,0
Matthew Godden,eng ENG,MF,Charlton Athletic,34-209,1991,1.5,0,6,1,16.7,3.88,0.65,0,0,0,0
Ben Godfrey,eng ENG,DF,Sheffield United,28-039,1998,3.5,0,1,0,0,0.29,0,0,,0,0
Saba Goglichidze,ge GEO,DF,Watford,21-243,2004,1.8,0,0,0,,0,0,,,0,0
Tyler Goodhram,eng ENG,MF,Oxford United,22-200,2003,7.6,1,16,4,25,2.12,0.53,0.06,0.25,0,0
Kenzo Goudmijn,nl NED,MF,Derby County,24-067,2001,1.1,0,2,0,0,1.89,0,0,,0,0
Keenan Gough,eng ENG,DF,Charlton Athletic,19-360,2006,1,0,0,0,,0,0,,,0,0
Karlan Grant,eng ENG,ST,West Bromwich Albion,28-158,1997,17.2,3,39,12,30.8,2.27,0.7,0.08,0.25,0,0
Demarai Gray,jm JAM,LW,Birmingham City,29-240,1996,19.2,5,53,15,28.3,2.76,0.78,0.09,0.33,0,0
Jacob Greaves,eng ENG,CB,Ipswich Town,25-164,2000,11.1,1,11,6,54.5,0.99,0.54,0.09,0.17,0,0
Jack Grieves,eng ENG,FW,Watford,21-080,2004,0.2,0,0,0,,0,0,,,0,0
Joshua Griffiths,eng ENG,GK,West Bromwich Albion,24-171,2001,21,0,0,0,,0,0,,,0,0
Matt Grimes,eng ENG,DM,Coventry City,30-223,1995,32.9,0,27,4,14.8,0.82,0.12,0,0,0,0
Daniel Grimshaw,eng ENG,GK,Norwich City,28-038,1998,1,0,0,0,,0,0,,,0,0
Makhtar Gueye,sn SEN,FW,Blackburn Rovers,28-081,1997,2.2,0,7,2,28.6,3.12,0.89,0,0,0,0
Andri Guðjohnsen,is ISL,ST,Blackburn Rovers,24-025,2002,15.9,7,28,13,46.4,1.77,0.82,0.25,0.54,0,0
Darko Gyabi,eng ENG,MF,Hull City,22-005,2004,7.8,2,10,3,30,1.29,0.39,0.2,0.67,0,0
Hayden Hackney,eng ENG,DM,Middlesbrough,23-242,2002,32,4,82,22,26.8,2.56,0.69,0.05,0.18,0,0
Amir Hadžiahmetović,ba BIH,DM,Hull City,28-352,1997,17.1,0,10,0,0,0.58,0,0,,0,0
Ali Al Hamadi,iq IRQ,FW,Ipswich Town,23-359,2002,0.1,0,0,0,,0,0,,,0,0
Ben Hamer,eng ENG,GK,Queens Park Rangers,38-095,1987,6.2,0,0,0,,0,0,,,0,0
Gustavo Hamer,nl NED,CM,Sheffield United,28-244,1997,18.5,2,46,14,30.4,2.48,0.76,0.04,0.14,0,0
Micah Hamilton,eng ENG,MF,Middlesbrough,22-102,2003,0.6,0,1,0,0,1.76,0,0,,0,0
Sontje Hansen,cw CUW,MF,Middlesbrough,23-287,2002,4,1,10,3,30,2.48,0.74,0.1,0.33,0,0
Ryan Hardie,sct SCO,FW,Wrexham,28-343,1997,2,0,8,3,37.5,3.98,1.49,0,0,0,0
Wes Harding,jm JAM,DF,Millwall,29-126,1996,2.3,0,0,0,,0,0,,,0,0
Luke Harris,wls WAL,MF,Oxford United,20-326,2005,6.9,1,7,2,28.6,1.01,0.29,0.14,0.5,0,0
Mark Harris,wls WAL,FW,Oxford United,27-056,1998,9.9,2,14,5,35.7,1.41,0.51,0.14,0.4,0,0
Taylor Harwood-Bellis,eng ENG,CB,Southampton,24-024,2002,28,4,27,14,51.9,0.96,0.5,0.15,0.29,0,0
Isaac Hayden,jm JAM,DM,Queens Park Rangers,30-338,1995,11.2,0,10,2,20,0.9,0.18,0,0,0,0
Ryan Hedges,wls WAL,RW,Blackburn Rovers,30-230,1995,17,1,19,3,15.8,1.11,0.18,0.05,0.33,0,0
Aune Heggebø,no NOR,ST,West Bromwich Albion,24-209,2001,25.8,8,49,18,36.7,1.9,0.7,0.16,0.44,0,0
Torbjørn Heggem,no NOR,DF,West Bromwich Albion,27-042,1999,1,0,0,0,,0,0,,,0,0
Michał Helik,pl POL,CB,Oxford United,30-167,1995,29.5,0,17,3,17.6,0.58,0.1,0,0,0,0
Axel Henriksson,se SWE,"MF,FW",Blackburn Rovers,23-313,2002,8.4,0,10,4,40,1.2,0.48,0,0,0,0
Onel Hernández,cu CUB,MF,Charlton Athletic,33-022,1993,2.5,0,2,0,0,0.8,0,0,,0,0
Jaden Heskey,eng ENG,MF,Sheffield Weds,20-068,2005,7.2,0,0,0,,0,0,,,0,0
Yu Hirakawa,jp JPN,MF,Bristol City,25-050,2001,5.8,1,8,2,25,1.37,0.34,0.13,0.5,0,0
Yu Hirakawa,jp JPN,MF,Hull City,25-050,2001,2.7,0,2,1,50,0.73,0.37,0,0,0,0
George Hirst,sct SCO,ST,Ipswich Town,27-008,1999,16.8,6,44,17,38.6,2.62,1.01,0.11,0.29,1,2
Ki-Jana Hoever,nl NED,DF,Sheffield United,24-036,2002,1.1,0,1,0,0,0.93,0,0,,0,0
Tomi Horvat,si SVN,MF,Bristol City,26-336,1999,2.2,0,4,1,25,1.85,0.46,0,0,0,0
Ethan Horvath,us USA,GK,Sheffield Weds,30-259,1995,14,0,0,0,,0,0,,,0,0
Andrew Hughes,wls WAL,CB,Preston North End,33-263,1992,24.6,0,16,3,18.8,0.65,0.12,0,0,0,0
Charlie Hughes,eng ENG,CB,Hull City,22-130,2003,28.5,1,15,5,33.3,0.53,0.18,0.07,0.2,0,0
Cameron Humphreys,eng ENG,MF,Ipswich Town,22-116,2003,0.1,0,0,0,,0,0,,,0,0
Dominic Hyam,sct SCO,DF,Wrexham,30-065,1995,27.9,0,7,1,14.3,0.25,0.04,0,0,0,0
Dominic Hyam,sct SCO,DF,Blackburn Rovers,30-065,1995,4,0,1,0,0,0.25,0,0,,0,0
Adam Idah,ie IRL,FW,Swansea City,25-012,2001,6.9,3,15,6,40,2.16,0.87,0.13,0.33,1,1
Samuel Iling-Junior,eng ENG,LM,West Bromwich Albion,22-142,2003,14.3,1,30,6,20,2.09,0.42,0.03,0.17,0,0
Danny Imray,eng ENG,"MF,DF",West Bromwich Albion,22-211,2003,1.2,0,1,0,0,0.84,0,0,,0,0
Tom Ince,eng ENG,MF,Watford,34-024,1992,9.7,4,30,13,43.3,3.1,1.34,0.13,0.31,0,0
Svante Ingelsson,se SWE,CM,Sheffield Weds,27-254,1998,28.6,1,22,8,36.4,0.77,0.28,0.05,0.13,0,0
Danny Ings,eng ENG,FW,Sheffield United,33-215,1992,5.5,1,15,3,20,2.71,0.54,0.07,0.33,0,0
Zeidane Inoussa,se SWE,LW,Swansea City,23-286,2002,12.1,0,17,6,35.3,1.41,0.5,0,0,0,0
Dominic Iorfa,eng ENG,CB,Sheffield Weds,30-244,1995,21.6,1,11,3,27.3,0.51,0.14,0.09,0.33,0,0
Nestory Irankunda,au AUS,RW,Watford,20-014,2006,12.5,2,37,12,32.4,2.97,0.96,0.05,0.17,0,0
Mihailo Ivanović,rs SRB,ST,Millwall,21-086,2004,26.2,7,58,25,43.1,2.22,0.96,0.12,0.28,0,1
Daniel Iversen,dk DEN,GK,Preston North End,28-219,1997,26,0,0,0,,0,0,,,0,0
Tomoki Iwata,jp JPN,DM,Birmingham City,28-322,1997,30.6,2,40,9,22.5,1.31,0.29,0.05,0.22,0,0
Kayden Jackson,eng ENG,"MF,FW",Derby County,32-001,1994,4.3,0,5,4,80,1.17,0.94,0,0,0,0
Matty Jacob,eng ENG,DF,Hull City,24-265,2001,2,0,0,0,,0,0,,,0,0
Jordan James,wls WAL,CM,Leicester City,21-236,2004,19.4,9,33,15,45.5,1.7,0.77,0.27,0.6,0,0
Matty James,eng ENG,CM,Wrexham,34-216,1991,20,1,6,2,33.3,0.3,0.1,0.17,0.5,0,0
Caspar Jander,de GER,CM,Southampton,22-337,2003,23.3,2,18,4,22.2,0.77,0.17,0.11,0.5,0,0
Daniel Jebbison,ca CAN,ST,Preston North End,22-194,2003,14.7,5,27,10,37,1.84,0.68,0.19,0.5,0,0
Elias Jelert,dk DEN,"DF,MF",Southampton,22-256,2003,3.6,0,0,0,,0,0,,,0,0
Jamaldeen Jimoh,eng ENG,MF,West Bromwich Albion,19-144,2006,2.1,0,2,1,50,0.95,0.47,0,0,0,0
Jeon Jinwoo,kr KOR,MF,Oxford United,26-167,1999,1,0,3,1,33.3,2.97,0.99,0,0,0,0
Eom Jisung,kr KOR,LW,Swansea City,23-290,2002,19,1,41,12,29.3,2.16,0.63,0.02,0.08,0,0
Viktor Johansson,se SWE,GK,Stoke City,27-162,1998,24,0,0,0,,0,0,,,0,0
Ben Johnson,eng ENG,DF,Ipswich Town,26-030,2000,4,0,3,0,0,0.76,0,0,,0,0
Reece Johnson,eng ENG,"MF,DF",Sheffield Weds,20-023,2006,4.9,0,2,0,0,0.41,0,0,,0,0
Max Johnston,sct SCO,"DF,MF",Derby County,22-059,2003,8.7,0,6,1,16.7,0.69,0.11,0,0,0,0
Michael Johnston,ie IRL,LW,West Bromwich Albion,26-310,1999,24.4,2,58,16,27.6,2.38,0.66,0.03,0.13,0,0
Alfie Jones,ca CAN,CB,Middlesbrough,28-139,1997,20.9,1,7,2,28.6,0.33,0.1,0.14,0.5,0,0
Lloyd Jones,eng ENG,CB,Charlton Athletic,30-139,1995,32.4,1,27,8,29.6,0.83,0.25,0.04,0.13,0,0
Kyle Joseph,sct SCO,ST,Hull City,24-166,2001,19.6,7,37,19,51.4,1.89,0.97,0.19,0.37,0,0
Bae Junho,kr KOR,AM,Stoke City,22-186,2003,25.5,1,36,13,36.1,1.41,0.51,0.03,0.08,0,0
Matěj Jurásek,cz CZE,"MF,FW",Norwich City,22-177,2003,5.5,0,10,3,30,1.83,0.55,0,0,0,0
James Justin,eng ENG,DF,Leicester City,28-000,1998,1.7,0,3,0,0,1.76,0,0,,0,0
Mathias Jørgensen,dk DEN,"MF,FW",Blackburn Rovers,25-156,2000,6.3,3,8,5,62.5,1.27,0.79,0.38,0.6,0,0
Issa Kaboré,bf BFA,RM,Wrexham,24-287,2001,14.9,0,8,3,37.5,0.54,0.2,0,0,0,0
Mamadou Kaly Sene,sn SEN,"FW,MF",Middlesbrough,24-271,2001,7,2,7,3,42.9,1,0.43,0.29,0.67,0,0
Abu Kamara,eng ENG,FW,Hull City,22-217,2003,1.1,0,2,1,50,1.75,0.87,0,0,0,0
Thomas Kaminski,be BEL,GK,Charlton Athletic,33-123,1992,33,0,0,0,,0,0,,,0,0
Abdoulaye Kanté,fr FRA,MF,Middlesbrough,20-229,2005,0.9,0,0,0,,0,0,,,0,0
Augustus Kargbo,sl SLE,MF,Blackburn Rovers,26-183,1999,5,1,10,3,30,2.02,0.61,0.1,0.33,0,0
Edo Kayembe,cd COD,CM,Watford,27-265,1998,18.5,3,37,9,24.3,2,0.49,0.05,0.22,1,1
Will Keane,ie IRL,"FW,MF",Preston North End,33-043,1993,0.3,1,1,1,100,3.46,3.46,1,1,0,0
Kévin Keben Biakolo,cm CMR,CB,Watford,22-028,2004,18.6,0,7,1,14.3,0.38,0.05,0,0,0,0
Davis Keillor-Dunn,eng ENG,"FW,MF",Wrexham,28-113,1997,0.2,0,0,0,,0,0,,,0,0
Daniel Kelly,sct SCO,MF,Millwall,20-143,2005,3.8,0,4,2,50,1.07,0.53,0,0,0,0
Charlie Kelman,us USA,ST,Charlton Athletic,24-113,2001,13.1,4,20,14,70,1.52,1.07,0.15,0.21,1,1
Kaine Kesler-Hayden,eng ENG,"MF,DF",Coventry City,23-123,2002,5.3,1,7,2,28.6,1.32,0.38,0.14,0.5,0,0
Josh Key,eng ENG,RM,Swansea City,26-096,1999,18.2,1,12,1,8.3,0.66,0.06,0.08,1,0,0
Bilal El Khannouss,ma MAR,MF,Leicester City,21-289,2004,1.5,0,5,1,20,3.33,0.67,0,0,0,0
Ben Killip,eng ENG,GK,Portsmouth,30-091,1995,1.7,0,0,0,,0,0,,,0,0
Cédric Kipré,ci CIV,CB,Ipswich Town,29-076,1996,21.6,3,18,6,33.3,0.83,0.28,0.17,0.5,0,0
Makenzie Kirk,nir NIR,FW,Portsmouth,22-017,2004,5,1,19,8,42.1,3.79,1.6,0.05,0.13,0,0
Liam Kitching,eng ENG,CB,Coventry City,26-145,1999,28.6,2,34,11,32.4,1.19,0.38,0.06,0.18,0,0
Luca Kjerrumgaard,dk DEN,ST,Watford,23-014,2003,22.9,9,49,25,51,2.14,1.09,0.18,0.36,0,0
Christoph Klarer,at AUT,CB,Birmingham City,25-254,2000,30,2,17,2,11.8,0.57,0.07,0.12,1,0,0
Harvey Knibbs,eng ENG,MF,Charlton Athletic,26-303,1999,5.8,3,8,4,50,1.37,0.69,0.38,0.75,0,0
Jason Knight,ie IRL,CM,Bristol City,25-010,2001,17.8,0,17,4,23.5,0.95,0.22,0,0,0,0
Josh Knight,eng ENG,CB,Portsmouth,28-169,1997,10.8,0,5,0,0,0.46,0,0,,0,0
Olaf Kobacki,pl POL,MF,Sheffield Weds,24-228,2001,3.3,0,6,1,16.7,1.82,0.3,0,0,0,0
Rayan Kolli,dz ALG,"FW,MF",Queens Park Rangers,21-013,2005,5.8,2,17,4,23.5,2.93,0.69,0.12,0.5,0,0
Richard Kone,ci CIV,ST,Queens Park Rangers,22-223,2003,26.3,7,70,23,32.9,2.66,0.87,0.1,0.3,0,0
Márk Kosznovszky,hu HUN,MF,Portsmouth,23-312,2002,7.1,0,5,0,0,0.7,0,0,,0,0
Lewis Koumas,wls WAL,MF,Hull City,20-157,2005,1.2,1,2,1,50,1.61,0.8,0.5,1,0,0
Lewis Koumas,wls WAL,"MF,FW",Birmingham City,20-157,2005,8.4,1,11,2,18.2,1.31,0.24,0.09,0.5,0,0
Vladan Kovačević,ba BIH,GK,Norwich City,27-318,1998,32,0,0,0,,0,0,,,0,0
Filip Krastev,bg BUL,MF,Oxford United,24-131,2001,9.5,1,13,4,30.8,1.37,0.42,0.08,0.25,0,0
Mathias Kvistgaarden,dk DEN,MF,Norwich City,23-314,2002,6.1,5,15,12,80,2.47,1.98,0.33,0.42,0,0
Hector Kyprianou,cy CYP,DM,Watford,24-272,2001,21.2,0,6,2,33.3,0.28,0.09,0,0,0,0
Ethan Laird,eng ENG,DF,Birmingham City,24-291,2001,4.3,0,6,1,16.7,1.4,0.23,0,0,0,0
Callum Lang,eng ENG,"FW,MF",Preston North End,27-168,1998,0.6,0,0,0,,0,0,,,0,0
Callum Lang,eng ENG,"MF,FW",Portsmouth,27-168,1998,6.4,2,10,5,50,1.57,0.78,0.2,0.4,0,0
Sondre Langås,no NOR,CB,Derby County,25-021,2001,18.4,2,14,5,35.7,0.76,0.27,0.14,0.4,0,0
Macaulay Langstaff,eng ENG,ST,Millwall,29-020,1997,10.3,3,21,8,38.1,2.03,0.77,0.14,0.38,0,0
Will Lankshear,eng ENG,ST,Oxford United,20-309,2005,20.5,6,33,10,30.3,1.61,0.49,0.18,0.6,0,0
Joshua Laqeretabua,fj FIJ,DF,Charlton Athletic,20-150,2005,0,0,0,0,,0,0,,,0,0
Cyle Larin,ca CAN,"FW,MF",Southampton,30-312,1995,0.6,1,2,1,50,3.21,1.61,0.5,1,0,0
Jamaal Lascelles,eng ENG,DF,Leicester City,32-104,1993,1,0,1,0,0,1.05,0,0,,0,0
Joël Latibeaudière,jm JAM,DF,Coventry City,26-048,2000,7,0,4,0,0,0.57,0,0,,0,0
Mohammed Lawal,ie IRL,LM,Stoke City,22-269,2003,19.5,1,23,6,26.1,1.18,0.31,0.04,0.17,0,0
Luke Le Roux,za RSA,MF,Portsmouth,25-350,2000,4.1,0,0,0,,0,0,,,0,0
Miles Leaburn,eng ENG,ST,Charlton Athletic,22-087,2003,19.1,1,33,9,27.3,1.73,0.47,0.03,0.11,0,0
Greg Leigh,jm JAM,"DF,MF",Oxford United,31-146,1994,9.9,1,15,2,13.3,1.51,0.2,0.07,0.5,0,0
Darragh Lenihan,ie IRL,DF,Middlesbrough,31-344,1994,1,0,0,0,,0,0,,,0,0
Marc Leonard,sct SCO,MF,Birmingham City,24-066,2001,7.7,0,10,1,10,1.3,0.13,0,0,0,0
Ryan Leonard,eng ENG,RB,Millwall,33-275,1992,12.2,0,6,1,16.7,0.49,0.08,0,0,0,0
Jamal Lewis,nir NIR,MF,Preston North End,28-029,1998,6.6,0,1,0,0,0.15,0,0,,0,0
Liam Lindsay,sct SCO,CB,Preston North End,30-134,1995,11.7,0,7,2,28.6,0.6,0.17,0,0,0,0
Matty Litherland,,MF,Blackburn Rovers,,,3.4,0,6,4,66.7,1.74,1.16,0,0,0,0
Sam Long,eng ENG,RB,Oxford United,31-038,1995,23.5,1,14,2,14.3,0.59,0.08,0.07,0.5,0,0
Ryan Longman,eng ENG,RW,Wrexham,25-109,2000,19.8,2,21,8,38.1,1.06,0.4,0.1,0.25,0,0
Imran Louza,ma MAR,CM,Watford,26-298,1999,27.8,6,63,16,25.4,2.27,0.58,0.08,0.31,1,2
Zak Lovelace,eng ENG,FW,Millwall,20-031,2006,0,0,0,0,,0,0,,,0,0
Jamal Lowe,jm JAM,ST,Sheffield Weds,31-217,1994,25.1,3,39,9,23.1,1.55,0.36,0.08,0.33,0,0
Max Lowe,eng ENG,LB,Sheffield Weds,28-288,1997,19.7,0,2,0,0,0.1,0,0,,0,0
Milos Lukovic,rs SRB,FW,Preston North End,20-097,2005,0.5,0,0,0,,0,0,,,0,0
Joe Lumley,eng ENG,GK,Sheffield Weds,31-008,1995,2,0,0,0,,0,0,,,0,0
John Lundstram,eng ENG,DM,Hull City,32-005,1994,10.8,1,6,2,33.3,0.56,0.19,0.17,0.5,0,0
Massimo Luongo,au AUS,MF,Millwall,33-151,1992,6.3,0,6,0,0,0.95,0,0,,0,0
Othmane Maamma,ma MAR,RW,Watford,20-140,2005,14.9,4,38,15,39.5,2.54,1,0.11,0.27,0,0
Nicolas Madsen,dk DEN,CM,Queens Park Rangers,25-343,2000,30.7,3,36,13,36.1,1.17,0.42,0.03,0.08,2,2
Edmond-Paris Maghoma,eng ENG,MF,Norwich City,24-291,2001,0.8,0,1,0,0,1.18,0,0,,0,0
Lucien Mahovo,eng ENG,DF,Norwich City,20-261,2005,2.3,0,1,0,0,0.44,0,0,,0,0
Josh Maja,ng NGA,"FW,MF",West Bromwich Albion,27-058,1998,9.2,1,12,3,25,1.3,0.33,0.08,0.33,0,0
Jovon Makama,eng ENG,ST,Norwich City,22-022,2004,17.9,10,42,19,45.2,2.35,1.06,0.24,0.53,0,0
Christ Makosso,cg CGO,DF,Oxford United,21-290,2004,4,0,1,0,0,0.25,0,0,,0,0
Adilson Malanda,fr FRA,DF,Middlesbrough,24-117,2001,7.9,0,2,1,50,0.25,0.13,0,0,0,0
Million Manhoef,nl NED,RW,Stoke City,24-051,2002,22.9,5,57,23,40.4,2.48,1,0.09,0.22,0,0
Ryan Manning,ie IRL,LM,Southampton,29-254,1996,24.1,5,35,10,28.6,1.45,0.41,0.14,0.5,0,0
Benson Manuel,ao ANG,FW,Swansea City,28-332,1997,1.6,0,5,0,0,3.17,0,0,,0,0
Emiliano Marcondes,dk DEN,MF,Norwich City,30-351,1995,7.2,1,19,7,36.8,2.63,0.97,0.05,0.14,0,0
Jahnoah Markelo,sr SUR,FW,Coventry City,23-050,2003,0.1,0,0,0,,0,0,,,0,0
Ephron Mason-Clark,eng ENG,LM,Coventry City,26-182,1999,23,7,54,24,44.4,2.35,1.04,0.13,0.29,0,0
Alex Matos,eng ENG,MF,Sheffield United,21-143,2004,3.6,0,0,0,,0,0,,,0,0
Kuryū Matsuki,jp JPN,MF,Southampton,22-299,2003,3.2,0,5,0,0,1.56,0,0,,0,0
Hayden Matthews,au AUS,DF,Portsmouth,21-249,2004,7.2,0,1,0,0,0.14,0,0,,0,0
Pelle Mattsson,dk DEN,CM,Norwich City,24-203,2001,20.8,0,22,2,9.1,1.06,0.1,0,0,0,0
Azor Matusiwa,nl NED,DM,Ipswich Town,27-301,1998,29,0,6,1,16.7,0.21,0.03,0,0,0,0
Stephy Mavididi,eng ENG,LW,Leicester City,27-268,1998,20.4,2,42,11,26.2,2.06,0.54,0.05,0.18,0,0
Noah Mawene,eng ENG,MF,Preston North End,21-012,2005,0,0,0,0,,0,0,,,0,0
Fally Mayulu,fr FRA,FW,Bristol City,23-223,2002,1.5,0,3,1,33.3,1.94,0.65,0,0,0,0
Derek Mazou-Sacko,fr FRA,MF,Millwall,21-140,2004,7.6,0,5,1,20,0.66,0.13,0,0,0,0
Amadou Mbengue,sn SEN,CB,Queens Park Rangers,24-049,2002,24.9,2,15,5,33.3,0.6,0.2,0.13,0.4,0,0
Kasey McAteer,ie IRL,MF,Leicester City,24-093,2001,0.2,0,1,0,0,5,0,0,,0,0
Kasey McAteer,ie IRL,MF,Ipswich Town,24-093,2001,8.1,0,19,7,36.8,2.36,0.87,0,0,0,0
Oliver McBurnie,sct SCO,ST,Hull City,29-264,1996,19.1,12,41,21,51.2,2.15,1.1,0.24,0.48,2,2
Sam McCallum,eng ENG,LB,Sheffield United,25-174,2000,13.3,1,18,8,44.4,1.35,0.6,0.06,0.13,0,0
Alistair McCann,nir NIR,CM,Preston North End,26-081,1999,17,1,11,4,36.4,0.65,0.23,0.09,0.25,0,0
Alex McCarthy,eng ENG,GK,Southampton,36-082,1989,7,0,0,0,,0,0,,,0,0
Cathal McCarthy,ie IRL,DF,Hull City,19-176,2006,2.6,0,0,0,,0,0,,,0,0
James McClean,ie IRL,MF,Wrexham,36-307,1989,10.1,0,11,3,27.3,1.08,0.3,0,0,0,0
Ruairi Mcconville,nir NIR,CB,Norwich City,20-298,2005,19.1,0,14,2,14.3,0.73,0.1,0,0,0,0
George McCormick,eng ENG,DF,Middlesbrough,21-027,2005,0.3,0,1,0,0,3,0,0,,0,0
Ross McCrorie,sct SCO,RB,Bristol City,27-342,1998,23.3,3,38,13,34.2,1.63,0.56,0.08,0.23,0,0
Jamie McDonnell,nir NIR,MF,Oxford United,22-007,2004,4.4,0,1,0,0,0.23,0,0,,0,0
Cole McGhee,eng ENG,DF,Sheffield Weds,20-026,2006,4.8,0,3,2,66.7,0.62,0.41,0,0,0,0
Riley McGree,au AUS,"MF,FW",Middlesbrough,27-113,1998,8.1,4,22,6,27.3,2.7,0.74,0.18,0.67,0,0
Mark McGuinness,ie IRL,CB,Sheffield United,25-049,2001,14.6,1,15,6,40,1.03,0.41,0.07,0.17,0,0
Kenny McLean,sct SCO,CM,Norwich City,34-046,1992,28.2,1,16,6,37.5,0.57,0.21,0.06,0.17,0,0
Sean McLoughlin,ie IRL,CB,Blackburn Rovers,29-102,1996,30.4,0,23,2,8.7,0.76,0.07,0,0,0,0
Paddy McNair,nir NIR,DF,Hull City,30-302,1995,1.8,0,2,2,100,1.09,1.09,0,0,0,0
Dan McNamara,ie IRL,DF,Millwall,27-058,1998,3.5,0,3,1,33.3,0.86,0.29,0,0,0,0
Charlie McNeill,eng ENG,ST,Sheffield Weds,22-167,2003,17,4,26,9,34.6,1.53,0.53,0.15,0.44,0,1
Jakov Medić,hr CRO,CB,Norwich City,27-169,1998,12.5,0,1,0,0,0.08,0,0,,0,0
Ben Mee,eng ENG,CB,Sheffield United,36-155,1989,13.9,0,6,0,0,0.43,0,0,,0,0
Anis Mehmeti,al ALB,"MF,FW",Bristol City,25-045,2001,26,8,74,28,37.8,2.85,1.08,0.11,0.29,0,0
Anis Mehmeti,al ALB,MF,Ipswich Town,25-045,2001,2.8,1,4,2,50,1.41,0.7,0.25,0.5,0,0
Formose Mendy,sn SEN,MF,Watford,25-052,2001,1.4,0,2,0,0,1.41,0,0,,0,0
Nampalys Mendy,sn SEN,MF,Watford,33-245,1992,7.7,0,3,0,0,0.39,0,0,,0,0
Chris Mepham,wls WAL,CB,West Bromwich Albion,28-110,1997,21.5,1,5,2,40,0.23,0.09,0.2,0.5,0,0
Stephen Mfuni,eng ENG,DF,Watford,18-011,2008,3.5,0,3,0,0,0.86,0,0,,0,0
Liam Millar,ca CAN,LW,Hull City,26-149,1999,10.7,2,27,9,33.3,2.53,0.84,0.07,0.22,0,0
Lewis Miller,au AUS,RB,Blackburn Rovers,25-183,2000,23.9,2,19,3,15.8,0.79,0.13,0.11,0.67,0,0
Stanley Mills,eng ENG,RW,Oxford United,22-121,2003,16.3,2,38,14,36.8,2.34,0.86,0.05,0.14,0,0
Yang Minhyeok,kr KOR,MF,Portsmouth,19-313,2006,7.5,3,12,5,41.7,1.61,0.67,0.25,0.6,0,0
Yang Minhyeok,kr KOR,MF,Coventry City,19-313,2006,0.4,0,2,0,0,5.63,0,0,,0,0
Billy Mitchell,eng ENG,DM,Millwall,25-307,2000,16.3,0,6,1,16.7,0.37,0.06,0,0,0,0
Jayson Molumby,ie IRL,CM,West Bromwich Albion,26-201,1999,20.6,1,22,8,36.4,1.07,0.39,0.05,0.13,0,0
Jeremy Monga,eng ENG,MF,Leicester City,16-228,2009,9,1,6,2,33.3,0.67,0.22,0.17,0.5,0,0
Kristi Montgomery,sct SCO,MF,Blackburn Rovers,21-268,2004,3.6,0,1,0,0,0.27,0,0,,0,0
Elliott Moore,eng ENG,DF,Oxford United,28-344,1997,1.7,0,3,2,66.7,1.74,1.16,0,0,0,0
Kieffer Moore,wls WAL,ST,Wrexham,33-199,1992,25.9,11,67,26,38.8,2.59,1,0.16,0.42,0,1
Andrew Moran,ie IRL,MF,Preston North End,22-131,2003,0,0,1,1,100,22.5,22.5,0,0,0,0
Kieran Morgan,eng ENG,"DF,MF",Queens Park Rangers,19-343,2006,5.4,2,4,2,50,0.74,0.37,0.5,1,0,0
Ryoya Morishita,jp JPN,AM,Blackburn Rovers,28-318,1997,17.1,2,29,7,24.1,1.69,0.41,0.07,0.29,0,0
Aidan Morris,us USA,CM,Middlesbrough,24-099,2001,22.5,0,31,7,22.6,1.38,0.31,0,0,0,0
Carlton Morris,eng ENG,ST,Derby County,30-069,1995,15.2,10,29,14,48.3,1.9,0.92,0.24,0.5,3,3
James Morris,eng ENG,DF,Watford,24-092,2001,0.1,0,0,0,,0,0,,,0,0
Liam Morrison,sct SCO,CB,Queens Park Rangers,22-322,2003,11.5,0,7,0,0,0.61,0,0,,0,0
Sam Morsy,eg EGY,MF,Bristol City,34-166,1991,3.8,0,3,1,33.3,0.78,0.26,0,0,0,0
Devlan Moses,nir NIR,FW,Sheffield Weds,20-129,2005,0.2,0,0,0,,0,0,,,0,0
Alex Mowatt,eng ENG,CM,West Bromwich Albion,31-010,1995,23.5,1,25,6,24,1.06,0.26,0.04,0.17,0,0
Divin Mubama,eng ENG,ST,Stoke City,21-121,2004,17.8,5,36,15,41.7,2.02,0.84,0.14,0.33,0,0
Divine Mukasa,eng ENG,MF,Leicester City,18-185,2007,1.9,2,4,2,50,2.16,1.08,0.5,1,0,0
Errol Mundle-Smith,eng ENG,FW,Norwich City,19-341,2006,0.8,0,1,0,0,1.29,0,0,,0,0
Finley Munroe,eng ENG,DF,Middlesbrough,21-015,2005,0.1,0,1,0,0,12.86,0,0,,0,0
Derry Murkin,eng ENG,DF,Derby County,26-211,1999,1.3,0,0,0,,0,0,,,0,0
Josh Murphy,eng ENG,LW,Portsmouth,30-364,1995,11.8,0,34,10,29.4,2.88,0.85,0,0,0,0
Marvelous Nakamba,zw ZIM,MF,Sheffield Weds,32-035,1994,0.3,0,0,0,,0,0,,,0,0
Paul Nardi,fr FRA,GK,Queens Park Rangers,31-281,1994,15.8,0,0,0,,0,0,,,0,0
Joel Ndala,eng ENG,MF,Sheffield Weds,19-268,2006,2.2,0,1,0,0,0.45,0,0,,0,0
Joel Ndala,eng ENG,"MF,FW",Hull City,19-268,2006,8.6,1,14,3,21.4,1.62,0.35,0.07,0.33,0,0
Camiel Neghli,nl NED,RW,Millwall,24-109,2001,23.6,3,35,7,20,1.48,0.3,0.09,0.43,0,1
Dan Neil,eng ENG,MF,Ipswich Town,24-072,2001,0.4,0,1,0,0,2.5,0,0,,0,0
Benjamin Nelson,eng ENG,CB,Leicester City,21-342,2004,15.9,0,6,1,16.7,0.38,0.06,0,0,0,0
Curtis Nelson,eng ENG,DF,Derby County,32-278,1993,0.5,0,1,1,100,1.96,1.96,0,0,0,0
Phil Neumann,de GER,CB,Birmingham City,28-230,1997,25.2,2,9,4,44.4,0.36,0.16,0.22,0.5,0,0
Jeremy Ngakia,,RB,Watford,25-169,2000,25.5,2,20,5,25,0.79,0.2,0.1,0.4,0,0
Kevin Nisbet,sct SCO,FW,Millwall,28-352,1997,0.2,0,2,0,0,12,0,0,,0,0
Casper de Norre,be BEL,DM,Millwall,29-016,1997,16.8,1,13,3,23.1,0.77,0.18,0.08,0.33,0,0
Rhys Norrington-Davies,wls WAL,DF,Sheffield United,26-307,1999,0.6,0,0,0,,0,0,,,0,0
Rhys Norrington-Davies,wls WAL,DF,Queens Park Rangers,26-307,1999,22.1,0,9,1,11.1,0.41,0.05,0,0,0,0
Gustavo Nunes,br BRA,MF,Swansea City,20-095,2005,2.3,0,4,2,50,1.75,0.87,0,0,0,0
Marcelino Núñez,cl CHI,MF,Norwich City,25-359,2000,0.8,0,4,0,0,5.07,0,0,,0,0
Marcelino Núñez,cl CHI,MF,Ipswich Town,25-359,2000,15.8,3,54,13,24.1,3.41,0.82,0.06,0.23,0,0
Ryan Nyambe,na NAM,"MF,DF",Derby County,28-081,1997,2.9,0,1,1,100,0.34,0.34,0,0,0,0
Sverre Nypan,no NOR,"MF,FW",Middlesbrough,19-066,2006,6.9,0,7,1,14.3,1.01,0.14,0,0,0,0
Steven Nzonzi,fr FRA,MF,Stoke City,37-070,1988,8.3,1,2,1,50,0.24,0.12,0.5,1,0,0
Lewis O'Brien,eng ENG,CM,Wrexham,27-132,1998,20.2,4,22,13,59.1,1.09,0.64,0.18,0.31,0,0
Gatlin O'Donkor,eng ENG,FW,Oxford United,21-132,2004,0,0,1,0,0,22.5,0,0,,0,0
Richard O'Donnell,eng ENG,GK,Derby County,37-164,1988,2,0,0,0,,0,0,,,0,0
Callum O'Hare,eng ENG,AM,Sheffield United,27-298,1998,28.5,7,52,19,36.5,1.83,0.67,0.13,0.37,0,0
Max O'Leary,ie IRL,GK,West Bromwich Albion,29-136,1996,5,0,0,0,,0,0,,,0,0
Max O'Leary,ie IRL,GK,Bristol City,29-136,1996,5,0,0,0,,0,0,,,0,0
Connor O'Riordan,ie IRL,DF,Blackburn Rovers,22-127,2003,3.8,0,1,0,0,0.26,0,0,,0,0
Dara O'Shea,ie IRL,CB,Ipswich Town,26-356,1999,31,1,28,7,25,0.9,0.23,0.04,0.14,0,0
Odeluga Offiah,eng ENG,CB,Preston North End,23-120,2002,22.7,0,4,0,0,0.18,0,0,,0,0
Chiedozie Ogbene,ie IRL,MF,Sheffield United,28-298,1997,8.4,1,3,1,33.3,0.36,0.12,0.33,1,0,0
Chiedozie Ogbene,ie IRL,MF,Ipswich Town,28-298,1997,1,0,0,0,,0,0,,,0,0
Connor Ogilvie,eng ENG,LB,Portsmouth,30-009,1996,19.2,0,16,2,12.5,0.83,0.1,0,0,0,0
Yuki Ohashi,jp JPN,ST,Blackburn Rovers,29-211,1996,27.2,7,70,27,38.6,2.57,0.99,0.09,0.22,1,1
Caleb Okoli,it ITA,CB,Leicester City,24-225,2001,18.1,0,7,0,0,0.39,0,0,,0,0
Arthur Okonkwo,eng ENG,GK,Wrexham,24-167,2001,29,0,0,0,,0,0,,,0,0
Isaac Olaofe,eng ENG,FW,Charlton Athletic,26-094,1999,7.6,1,11,5,45.5,1.45,0.66,0.09,0.2,0,0
Ryan One,sct SCO,MF,Sheffield United,19-242,2006,1.5,0,1,0,0,0.68,0,0,,0,0
Favour Onukwuli,,MF,Sheffield Weds,,,0.2,0,1,0,0,4.09,0,0,,0,0
Frank Onyeka,ng NGA,MF,Coventry City,28-053,1998,1.8,0,1,0,0,0.57,0,0,,0,0
Bright Osayi-Samuel,ng NGA,RB,Birmingham City,28-054,1997,10.8,0,2,1,50,0.18,0.09,0,0,0,0
Milutin Osmajić,me MNE,ST,Preston North End,26-213,1999,13,6,18,12,66.7,1.39,0.93,0.28,0.42,1,1
Ibrahim Osman,gh GHA,MF,Birmingham City,21-086,2004,3.8,1,12,5,41.7,3.2,1.33,0.08,0.2,0,0
Gabriel Otegbayo,,DF,Sheffield Weds,,,17.3,0,3,1,33.3,0.17,0.06,0,0,0,0
Nicholas Oyekunle,eng ENG,FW,Southampton,19-045,2007,0.3,0,0,0,,0,0,,,0,0
David Ozoh,eng ENG,DM,Derby County,20-268,2005,13.8,1,3,1,33.3,0.22,0.07,0.33,1,0,0
Marlon Pack,eng ENG,CM,Portsmouth,34-335,1991,13.5,2,13,5,38.5,0.96,0.37,0.15,0.4,0,0
Louis Page,eng ENG,MF,Leicester City,17-122,2008,5.1,0,6,1,16.7,1.18,0.2,0,0,0,0
Alex Palmer,eng ENG,GK,Ipswich Town,29-197,1996,9.3,0,0,0,,0,0,,,0,0
Kasey Palmer,jm JAM,MF,Hull City,29-106,1996,2.8,0,7,0,0,2.49,0,0,,0,0
Liam Palmer,sct SCO,RB,Sheffield Weds,34-157,1991,28.8,0,12,3,25,0.42,0.1,0,0,0,0
Ivor Pandur,hr CRO,GK,Hull City,25-335,2000,32,0,0,0,,0,0,,,0,0
Jonathan Panzo,eng ENG,DF,Birmingham City,25-121,2000,1,0,0,0,,0,0,,,0,0
Anthony Patterson,eng ENG,GK,Millwall,25-289,2000,1,0,0,0,,0,0,,,0,0
Aynsley Pears,eng ENG,GK,Blackburn Rovers,27-306,1998,12,0,0,0,,0,0,,,0,0
Ben Pearson,eng ENG,CM,Stoke City,31-050,1995,15.2,1,1,1,100,0.07,0.07,1,1,0,0
Myles Peart-Harris,eng ENG,"MF,FW",Oxford United,23-158,2002,7,1,10,1,10,1.44,0.14,0.1,1,0,0
Sydie Peck,eng ENG,CM,Sheffield United,21-163,2004,25.3,4,37,10,27,1.46,0.39,0.05,0.2,2,2
Leo Pecover,,MF,Bristol City,,,0.5,0,0,0,,0,0,,,0,0
Ricardo Pereira,pt POR,RB,Leicester City,32-140,1993,21.9,2,11,6,54.5,0.5,0.27,0.18,0.33,0,0
Daniel Peretz,il ISR,GK,Southampton,25-228,2000,7,0,0,0,,0,0,,,0,0
Jérémy Pétris,fr FRA,"MF,DF",Watford,28-026,1998,5,0,0,0,,0,0,,,0,0
Ashley Phillips,wls WAL,CB,Stoke City,20-212,2005,25.2,0,13,3,23.1,0.52,0.12,0,0,0,0
Kalvin Phillips,eng ENG,MF,Sheffield United,30-083,1995,1.8,0,0,0,,0,0,,,0,0
Matt Phillips,sct SCO,"MF,FW",Oxford United,34-347,1991,3,0,5,2,40,1.69,0.67,0,0,0,0
Nathaniel Phillips,eng ENG,CB,West Bromwich Albion,28-339,1997,29.5,3,28,11,39.3,0.95,0.37,0.11,0.27,0,0
Jaden Philogene Bidace,eng ENG,LW,Ipswich Town,24-015,2002,17.2,9,52,22,42.3,3.03,1.28,0.17,0.41,0,0
Harry Pickering,eng ENG,"MF,DF",Blackburn Rovers,27-056,1998,4.4,0,3,1,33.3,0.69,0.23,0,0,0,0
Kwame Poku,gh GHA,MF,Queens Park Rangers,24-196,2001,3.2,0,5,0,0,1.58,0,0,,0,0
Matthew Pollock,eng ENG,CB,Watford,24-148,2001,21.9,1,13,3,23.1,0.59,0.14,0.08,0.33,0,0
Regan Poole,wls WAL,CB,Portsmouth,27-250,1998,29,0,12,3,25,0.41,0.1,0,0,0,0
Brad Potts,eng ENG,MF,Preston North End,31-235,1994,2.2,0,4,1,25,1.83,0.46,0,0,0,0
Brandon Powell,eng ENG,MF,Blackburn Rovers,20-129,2005,0.8,0,0,0,,0,0,,,0,0
George Pratt,eng ENG,DF,Blackburn Rovers,22-159,2003,9,0,1,0,0,0.11,0,0,,0,0
Nik Prelec,si SVN,ST,Oxford United,24-258,2001,11.7,1,12,4,33.3,1.03,0.34,0.08,0.25,0,0
Isaac Price,nir NIR,CM,West Bromwich Albion,22-150,2003,27.9,6,72,24,33.3,2.58,0.86,0.08,0.25,0,0
Cameron Pring,eng ENG,"DF,MF",Bristol City,28-032,1998,8,0,5,1,20,0.63,0.13,0,0,0,0
August Priske,dk DEN,FW,Birmingham City,21-337,2004,2.1,0,8,4,50,3.75,1.87,0,0,0,0
Przemysław Płacheta,pl POL,LW,Oxford United,27-337,1998,12,3,30,7,23.3,2.5,0.58,0.1,0.43,0,0
Joshua Quarshie,de GER,DF,Southampton,21-212,2004,10.5,0,6,0,0,0.57,0,0,,0,0
Jesurun Rak Sakyi,eng ENG,MF,Stoke City,23-141,2002,1.6,0,3,0,0,1.86,0,0,,0,0
Aaron Ramsey,eng ENG,MF,Leicester City,23-033,2003,3,2,11,6,54.5,3.68,2.01,0.18,0.33,0,0
Kayne Ramsey,eng ENG,RB,Charlton Athletic,25-136,2000,25.6,0,11,2,18.2,0.43,0.08,0,0,0,0
Adam Randell,eng ENG,DM,Bristol City,25-145,2000,31.1,2,26,6,23.1,0.84,0.19,0.08,0.33,0,0
Joe Rankin-Costello,eng ENG,MF,Charlton Athletic,26-212,1999,5.9,1,9,1,11.1,1.52,0.17,0.11,1,0,0
Oliver Rathbone,eng ENG,MF,Wrexham,29-136,1996,5.4,5,13,7,53.8,2.41,1.3,0.38,0.71,0,0
Nathan Redmond,eng ENG,"FW,MF",Sheffield Weds,31-354,1994,1.2,0,2,0,0,1.65,0,0,,0,0
Yuri Ribeiro,pt POR,"DF,MF",Blackburn Rovers,29-030,1997,8.6,0,2,0,0,0.23,0,0,,0,0
Dujuan Richards,jm JAM,FW,Leicester City,20-105,2005,0.2,0,0,0,,0,0,,,0,0
Jaïro Riedewald,nl NED,MF,Sheffield United,29-167,1996,10.2,2,6,2,33.3,0.59,0.2,0.33,1,0,0
Tomas Rigo,sk SVK,CM,Stoke City,23-235,2002,14.2,1,21,6,28.6,1.48,0.42,0.05,0.17,0,0
Emil Riis Jakobsen,dk DEN,ST,Bristol City,27-244,1998,23.6,8,54,18,33.3,2.29,0.76,0.15,0.44,0,0
Haydon Roberts,eng ENG,"DF,MF",Bristol City,23-289,2002,4.2,0,2,0,0,0.48,0,0,,0,0
Patrick Roberts,eng ENG,RW,Birmingham City,29-018,1997,20.7,3,41,8,19.5,1.98,0.39,0.07,0.38,0,0
Jack Robinson,eng ENG,DF,Sheffield United,32-175,1993,2.4,0,2,0,0,0.84,0,0,,0,0
Jack Robinson,eng ENG,DF,Birmingham City,32-175,1993,8.9,1,8,3,37.5,0.9,0.34,0.13,0.33,0,0
Jay Robinson,eng ENG,"MF,FW",Southampton,18-345,2007,9.9,2,28,10,35.7,2.84,1.01,0.07,0.2,0,0
Jay Rodriguez,eng ENG,"FW,MF",Wrexham,36-209,1989,0.1,0,2,0,0,22.5,0,0,,0,0
Mads Roerslev,dk DEN,"MF,DF",Southampton,26-244,1999,5.2,0,1,0,0,0.19,0,0,,0,0
Ole Romeny,id IDN,MF,Oxford United,25-248,2000,3.6,0,8,4,50,2.21,1.1,0,0,0,0
Oriol Romeu,es ESP,MF,Southampton,34-152,1991,0.8,0,0,0,,0,0,,,0,0
Ronald,br BRA,RW,Swansea City,24-254,2001,26.1,3,43,15,34.9,1.65,0.57,0.07,0.2,0,0
Ruben Roosken,nl NED,MF,Oxford United,25-358,2000,1.4,0,0,0,,0,0,,,0,0
Joe Rothwell,eng ENG,MF,Sheffield United,31-043,1995,0.4,0,0,0,,0,0,,,0,0
Jack Rudoni,eng ENG,CM,Coventry City,25-273,2000,18.3,3,45,10,22.2,2.46,0.55,0.07,0.3,0,0
Carl Rushworth,eng ENG,GK,Coventry City,24-236,2001,33,0,0,0,,0,0,,,0,0
Koki Saito,jp JPN,LW,Queens Park Rangers,24-197,2001,17.8,3,28,10,35.7,1.57,0.56,0.11,0.3,0,0
Tatsuhiro Sakamoto,jp JPN,RW,Coventry City,29-124,1996,21.6,4,28,13,46.4,1.3,0.6,0.14,0.31,0,0
Lars-Jørgen Salvesen,no NOR,FW,Derby County,30-004,1996,4.9,3,11,6,54.5,2.27,1.24,0.27,0.5,0,0
Alfons Sampsted,is ISL,DF,Birmingham City,27-323,1998,2.3,0,0,0,,0,0,,,0,0
Ishé Samuels-Smith,eng ENG,DF,Swansea City,19-263,2006,2.2,0,0,0,,0,0,,,0,0
Dion Sanderson,eng ENG,CB,Derby County,26-070,1999,25.7,1,5,2,40,0.19,0.08,0.2,0.5,0,0
Ricardo Santos,,DF,Swansea City,30-250,1995,0.3,0,0,0,,0,0,,,0,0
Josh Sargent,us USA,ST,Norwich City,26-003,2000,21.6,7,58,18,31,2.68,0.83,0.1,0.33,1,1
Jeremy Sarmiento,ec ECU,MF,Middlesbrough,23-252,2002,1.1,0,3,1,33.3,2.73,0.91,0,0,0,0
Dan Scarr,eng ENG,DF,Wrexham,31-061,1994,9.9,0,2,0,0,0.2,0,0,,0,0
Jeffrey Schlupp,gh GHA,"MF,DF",Norwich City,33-062,1992,4.7,0,4,1,25,0.86,0.21,0,0,0,0
Nicolas Schmid,at AUT,GK,Portsmouth,29-001,1997,21.3,0,0,0,,0,0,,,0,0
Oscar Schwartau,dk DEN,AM,Norwich City,19-282,2006,20.5,3,29,12,41.4,1.41,0.58,0.1,0.25,0,0
Léo Scienza,br BRA,AM,Southampton,27-163,1998,19.8,5,65,29,44.6,3.28,1.46,0.08,0.17,0,0
Adrian Segecic,au AUS,RW,Portsmouth,21-267,2004,17.8,5,39,12,30.8,2.2,0.68,0.13,0.42,0,0
Tatsuki Seko,jp JPN,CM,Stoke City,28-063,1997,20.2,0,14,3,21.4,0.69,0.15,0,0,0,0
Egil Selvik,no NOR,GK,Watford,28-208,1997,26.5,0,0,0,,0,0,,,0,0
Vivaldo Semedo,pt POR,FW,Watford,21-026,2005,7.1,3,24,13,54.2,3.4,1.84,0.13,0.23,0,0
Femi Seriki,eng ENG,RM,Sheffield United,23-301,2002,20.7,1,7,2,28.6,0.34,0.1,0.14,0.5,0,0
Paik Seung-ho,kr KOR,CM,Birmingham City,28-343,1997,28.4,4,35,9,25.7,1.23,0.32,0.11,0.44,0,0
Jamie Shackleton,eng ENG,"DF,MF",Sheffield United,26-138,1999,0.3,0,0,0,,0,0,,,0,0
Conor Shaughnessy,ie IRL,DF,Portsmouth,29-238,1996,7.5,1,5,1,20,0.66,0.13,0.2,1,0,0
Ben Sheaf,eng ENG,MF,Wrexham,28-018,1998,20,0,18,4,22.2,0.9,0.2,0,0,0,0
Ben Sheaf,eng ENG,MF,Coventry City,28-018,1998,0.1,0,0,0,,0,0,,,0,0
Rio Shipston,eng ENG,MF,Sheffield Weds,21-108,2004,0.3,0,0,0,,0,0,,,0,0
Louie Sibley,eng ENG,MF,Oxford United,24-175,2001,0.2,0,1,0,0,4.29,0,0,,0,0
Collins Sichenje,ke KEN,DF,Charlton Athletic,22-157,2003,1,0,0,0,,0,0,,,0,0
Sam Silvera,au AUS,LW,Middlesbrough,25-121,2000,11.2,2,10,3,30,0.89,0.27,0.2,0.67,0,0
Tommy Simkin,eng ENG,GK,Stoke City,21-077,2004,8,0,0,0,,0,0,,,0,0
Ellis Simms,eng ENG,ST,Coventry City,25-049,2001,12.3,10,48,23,47.9,3.89,1.86,0.21,0.43,0,0
Olutayo Singerr,,FW,Portsmouth,,,0.2,0,0,0,,0,0,,,0,0
Moussa Sissoko,fr FRA,"MF,FW",Watford,36-191,1989,8.3,0,3,1,33.3,0.36,0.12,0,0,0,0
Oliver Skipp,eng ENG,DM,Leicester City,25-160,2000,19.9,1,5,1,20,0.25,0.05,0.2,1,0,0
Regan Slater,eng ENG,DM,Hull City,26-165,1999,27.3,2,23,7,30.4,0.84,0.26,0.09,0.29,0,0
Thierry Small,eng ENG,LM,Preston North End,21-206,2004,23,3,34,16,47.1,1.48,0.7,0.09,0.19,0,0
William Smallbone,ie IRL,MF,Millwall,26-002,2000,3.3,0,5,2,40,1.5,0.6,0,0,0,0
Milan Smit,nl NED,FW,Stoke City,23-010,2003,2.5,0,3,0,0,1.22,0,0,,0,0
Michael Smith,eng ENG,ST,Preston North End,34-129,1991,15.5,3,26,7,26.9,1.68,0.45,0.12,0.43,0,0
Sam Smith,eng ENG,FW,Wrexham,27-352,1998,8.3,5,26,12,46.2,3.13,1.44,0.19,0.42,0,0
Paul Smyth,nir NIR,RW,Queens Park Rangers,28-166,1997,12.4,3,19,8,42.1,1.53,0.65,0.16,0.38,0,0
Jhon Solis,co COL,MF,Birmingham City,21-143,2004,4.3,0,7,1,14.3,1.62,0.23,0,0,0,0
Boubakary Soumaré,fr FRA,MF,Leicester City,26-361,1999,9.9,0,3,0,0,0.3,0,0,,0,0
Djibril Soumaré,sn SEN,DM,Sheffield United,23-047,2003,10.5,0,19,0,0,1.81,0,0,,0,0
Tony Springett,ie IRL,"MF,DF",Norwich City,23-154,2002,5.7,0,3,0,0,0.53,0,0,,0,0
Jack Stacey,eng ENG,RB,Norwich City,29-323,1996,13.5,1,9,4,44.4,0.67,0.3,0.11,0.25,0,0
Marko Stamenic,nz NZL,CM,Swansea City,24-004,2002,20,2,19,7,36.8,0.95,0.35,0.11,0.29,0,0
Jay Stansfield,eng ENG,ST,Birmingham City,23-091,2002,26.6,9,73,21,28.8,2.74,0.79,0.1,0.33,2,3
Jack Stephens,eng ENG,CB,Southampton,32-027,1994,21.1,2,10,4,40,0.47,0.19,0.2,0.5,0,0
Ross Stewart,sct SCO,FW,Southampton,29-227,1996,7,5,17,10,58.8,2.43,1.43,0.29,0.5,0,0
Jakub Stolarczyk,pl POL,GK,Leicester City,25-066,2000,25.5,0,0,0,,0,0,,,0,0
Jordan Storey,eng ENG,CB,Preston North End,28-174,1997,31.3,2,24,8,33.3,0.77,0.26,0.08,0.25,0,0
Dávid Strelec,sk SVK,FW,Middlesbrough,24-325,2001,10.9,3,23,9,39.1,2.11,0.82,0.13,0.33,0,0
Zak Sturge,eng ENG,LB,Millwall,21-253,2004,15.1,1,6,1,16.7,0.4,0.07,0.17,1,0,0
Callum Styles,hu HUN,LM,West Bromwich Albion,25-332,2000,27.8,0,20,4,20,0.72,0.14,0,0,0,0
Yukinari Sugawara,jp JPN,MF,Southampton,25-240,2000,0.7,0,0,0,,0,0,,,0,0
Zak Swanson,eng ENG,RB,Portsmouth,25-148,2000,19.7,1,20,5,25,1.01,0.25,0.05,0.2,0,0
John Swift,eng ENG,AM,Portsmouth,30-245,1995,14.8,2,22,7,31.8,1.49,0.47,0.09,0.29,0,0
Mark Sykes,ie IRL,RM,Bristol City,28-203,1997,15.4,3,15,4,26.7,0.97,0.26,0.2,0.75,0,0
Sammie Szmodics,ie IRL,MF,Derby County,30-152,1995,2,0,3,0,0,1.53,0,0,,0,0
Sammie Szmodics,ie IRL,MF,Ipswich Town,30-152,1995,7.5,1,21,8,38.1,2.79,1.06,0.05,0.13,0,0
Maksym Talovierov,ua UKR,DF,Stoke City,25-240,2000,9.2,0,6,0,0,0.65,0,0,,0,0
Japhet Tanganga,eng ENG,DF,Sheffield United,26-329,1999,26.5,1,19,5,26.3,0.72,0.19,0.05,0.2,0,0
Japhet Tanganga,eng ENG,DF,Millwall,26-329,1999,2,0,0,0,,0,0,,,0,0
George Tanner,eng ENG,RB,Bristol City,26-099,1999,23.8,0,4,0,0,0.17,0,0,,0,0
Matt Targett,eng ENG,LB,Middlesbrough,30-158,1995,26.8,2,29,10,34.5,1.08,0.37,0.07,0.2,0,0
Sidnei Tavares,,MF,Blackburn Rovers,24-147,2001,6.3,0,8,0,0,1.27,0,0,,0,0
Caleb Taylor,eng ENG,CB,Millwall,23-040,2003,19,3,28,9,32.1,1.48,0.47,0.11,0.33,0,0
Charlie Taylor,eng ENG,LB,West Bromwich Albion,32-158,1993,14.7,0,1,0,0,0.07,0,0,,0,0
Jack Taylor,ie IRL,CM,Ipswich Town,27-245,1998,16.6,1,23,7,30.4,1.39,0.42,0.04,0.14,0,0
Junior Tchamadeu,cm CMR,RB,Stoke City,22-063,2003,19.2,1,8,3,37.5,0.42,0.16,0.13,0.33,0,0
Hidde ter Avest,nl NED,"DF,MF",Oxford United,28-279,1997,4.4,0,1,0,0,0.23,0,0,,0,0
Bobby Thomas,eng ENG,CB,Coventry City,25-024,2001,25.6,2,29,11,37.9,1.13,0.43,0.07,0.18,0,0
Luke Thomas,eng ENG,LB,Leicester City,24-258,2001,26.4,0,11,1,9.1,0.42,0.04,0,0,0,0
Olly Thomas,eng ENG,FW,Bristol City,20-210,2005,0.2,0,0,0,,0,0,,,0,0
Silko Thomas,eng ENG,FW,Leicester City,21-243,2004,2.8,1,3,2,66.7,1.08,0.72,0.33,0.5,0,0
Sorba Thomas,wls WAL,LW,Stoke City,26-185,1999,32.1,9,48,23,47.9,1.49,0.72,0.19,0.39,0,0
Brandon Thomas-Asante,gh GHA,ST,Coventry City,27-056,1998,15.2,10,44,18,40.9,2.9,1.19,0.23,0.56,0,0
George Thomason,eng ENG,CM,Wrexham,24-042,2002,15.5,1,16,6,37.5,1.03,0.39,0.06,0.17,0,0
Jordan Thompson,nir NIR,MF,Preston North End,29-051,1997,6,0,5,2,40,0.84,0.34,0,0,0,0
Liam Thompson,eng ENG,CM,Derby County,23-300,2002,11.4,1,4,1,25,0.35,0.09,0.25,1,0,0
Jarvis Thornton,eng ENG,MF,Sheffield Weds,20-044,2006,5.3,0,4,0,0,0.75,0,0,,0,0
Nathan Tinsdale,,MF,Hull City,,,0,0,0,0,,0,0,,,0,0
Mirko Topić,rs SRB,DM,Norwich City,25-018,2001,11.5,0,12,2,16.7,1.04,0.17,0,0,0,0
Victor Torp,dk DEN,CM,Coventry City,26-208,1999,21.3,7,63,17,27,2.96,0.8,0.11,0.41,0,0
Balázs Tóth,hu HUN,GK,Blackburn Rovers,28-172,1997,21,0,0,0,,0,0,,,0,0
Mo Touré,au AUS,FW,Norwich City,21-334,2004,1.9,4,11,6,54.5,5.86,3.2,0.36,0.67,0,0
Lewis Travis,eng ENG,MF,Derby County,28-130,1997,11.2,0,2,0,0,0.18,0,0,,0,0
Lewis Travis,eng ENG,MF,Blackburn Rovers,28-130,1997,0.9,0,0,0,,0,0,,,0,0
Sondre Tronstad,no NOR,CM,Blackburn Rovers,30-181,1995,26,0,20,4,20,0.77,0.15,0,0,0,0
Scott Twine,eng ENG,AM,Bristol City,26-224,1999,26.2,8,61,19,31.1,2.33,0.72,0.13,0.42,0,0
Josh Tymon,eng ENG,LB,Swansea City,26-277,1999,31.4,1,21,8,38.1,0.67,0.26,0.05,0.13,0,0
Ike Ugbo,ca CAN,FW,Sheffield Weds,27-155,1998,7,0,14,4,28.6,2,0.57,0,0,0,0
Franco Umeh-Chibueze,ie IRL,MF,Portsmouth,21-028,2005,0,0,0,0,,0,0,,,0,0
Harvey Vale,eng ENG,RM,Queens Park Rangers,22-165,2003,11.4,2,17,5,29.4,1.49,0.44,0.12,0.4,0,0
Pol Valentín,es ESP,RB,Preston North End,29-002,1997,16.1,0,4,0,0,0.25,0,0,,0,0
Yan Valery,tn TUN,RM,Sheffield Weds,27-001,1999,22.8,0,23,7,30.4,1.01,0.31,0,0,0,0
Jonathan Varane,mq MTQ,DM,Queens Park Rangers,24-167,2001,17.9,1,12,3,25,0.67,0.17,0.08,0.33,0,0
Rocco Vata,ie IRL,MF,Watford,20-311,2005,5.8,2,24,8,33.3,4.13,1.38,0.08,0.25,0,0
Will Vaulks,wls WAL,DM,Oxford United,32-163,1993,17,0,25,5,20,1.47,0.29,0,0,0,0
Jannik Vestergaard,dk DEN,CB,Leicester City,33-204,1992,23.7,3,16,5,31.3,0.68,0.21,0.19,0.6,0,0
Carlos Vicente,es ESP,MF,Birmingham City,26-306,1999,2.2,1,4,3,75,1.84,1.38,0.25,0.33,0,0
Josh Vickers,eng ENG,GK,Derby County,30-084,1995,3,0,0,0,,0,0,,,0,0
Lawrence Vigouroux,cl CHI,GK,Swansea City,32-096,1993,33,0,0,0,,0,0,,,0,0
Žan Vipotnik,si SVN,ST,Swansea City,23-342,2002,22.9,16,64,26,40.6,2.79,1.13,0.25,0.62,0,0
Radek Vítek,,GK,Bristol City,22-122,2003,28,0,0,0,,0,0,,,0,0
Andrija Vukčević,me MNE,"MF,DF",Preston North End,29-135,1996,7.6,0,0,0,,0,0,,,0,0
Zak Vyner,ke KEN,"DF,MF",Bristol City,28-285,1997,25.8,0,15,2,13.3,0.58,0.08,0,0,0,0
Zak Vyner,ke KEN,"DF,MF",Wrexham,28-285,1997,0.1,0,0,0,,0,0,,,0,0
Thomas Waddingham,au AUS,FW,Portsmouth,20-295,2005,0.6,0,2,0,0,3.16,0,0,,0,0
Kai Wagner,de GER,DF,Birmingham City,29-008,1997,7.8,0,2,0,0,0.26,0,0,,0,0
Bobby Wales,sct SCO,FW,Swansea City,20-245,2005,0.3,0,2,0,0,7.2,0,0,,0,0
Jed Wallace,eng ENG,"MF,FW",West Bromwich Albion,31-334,1994,7.3,2,15,4,26.7,2.05,0.55,0.13,0.5,0,0
Joe Walsh,eng ENG,GK,Queens Park Rangers,23-328,2002,11,0,0,0,,0,0,,,0,0
Leo Walta,fi FIN,MF,Swansea City,22-244,2003,0.6,0,1,0,0,1.58,0,0,,0,0
Christian Walton,eng ENG,GK,Ipswich Town,30-106,1995,21.7,0,0,0,,0,0,,,0,0
Jack Walton,eng ENG,GK,Preston North End,27-306,1998,3,0,0,0,,0,0,,,0,0
Danny Ward,wls WAL,GK,Wrexham,32-246,1993,4,0,0,0,,0,0,,,0,0
Joe Ward,eng ENG,RM,Derby County,30-185,1995,20.1,1,16,6,37.5,0.8,0.3,0.06,0.17,0,0
Joel Ward,eng ENG,DF,Swansea City,36-117,1989,1.2,0,0,0,,0,0,,,0,0
Tom Watson,eng ENG,MF,Millwall,19-321,2006,1.2,0,2,0,0,1.67,0,0,,0,0
Ernie Weaver,eng ENG,DF,Sheffield Weds,19-168,2006,3.9,0,1,0,0,0.25,0,0,,0,0
Andreas Weimann,at AUT,MF,Derby County,34-202,1991,7.8,1,16,5,31.3,2.05,0.64,0.06,0.2,0,0
Welington,br BRA,"DF,MF",Southampton,25-004,2001,9.8,0,4,0,0,0.41,0,0,,0,0
Scott Wharton,eng ENG,DF,Blackburn Rovers,28-143,1997,7.5,0,5,2,40,0.67,0.27,0,0,0,0
Ben Whiteman,eng ENG,CM,Preston North End,29-251,1996,31.4,1,30,7,23.3,0.95,0.22,0.03,0.14,0,0
Morgan Whittaker,eng ENG,RW,Middlesbrough,25-047,2001,25.3,11,86,26,30.2,3.41,1.03,0.13,0.42,0,0
Melker Widell,se SWE,"MF,FW",Swansea City,23-310,2002,10.1,0,15,5,33.3,1.49,0.5,0,0,0,0
Jacob Widell Zetterström,se SWE,GK,Derby County,27-227,1998,28,0,0,0,,0,0,,,0,0
Joe Wildsmith,eng ENG,GK,West Bromwich Albion,30-057,1995,7,0,0,0,,0,0,,,0,0
Caleb Wiley,us USA,"MF,DF",Watford,21-063,2004,2.5,0,3,1,33.3,1.22,0.41,0,0,0,0
Alex Williams,wls WAL,DF,West Bromwich Albion,21-052,2005,0,0,0,0,,0,0,,,0,0
Barnaby Williams,,MF,Southampton,,,0.5,0,0,0,,0,0,,,0,0
Brandon Williams,eng ENG,DF,Hull City,25-173,2000,0.1,0,0,0,,0,0,,,0,0
Joe Williams,eng ENG,MF,Bristol City,29-077,1996,0.4,0,0,0,,0,0,,,0,0
Jordan Williams,eng ENG,RB,Portsmouth,26-124,1999,13.2,1,2,1,50,0.15,0.08,0.5,1,0,0
Ben Wilmot,eng ENG,CB,Stoke City,26-111,1999,30,3,15,5,33.3,0.5,0.17,0.2,0.6,0,0
Josh Windass,eng ENG,AM,Wrexham,32-045,1994,17.5,9,50,19,38,2.86,1.09,0.12,0.32,3,3
Harry Winks,eng ENG,CM,Leicester City,30-021,1996,17.7,1,16,2,12.5,0.91,0.11,0.06,0.5,0,0
Nathan Wood-Gordon,eng ENG,CB,Southampton,23-268,2002,22.8,1,11,2,18.2,0.48,0.09,0.09,0.5,0,0
Luke Woolfenden,eng ENG,DF,Coventry City,27-125,1998,7.9,0,5,0,0,0.64,0,0,,0,0
Haji Wright,us USA,ST,Coventry City,27-333,1998,21.6,13,76,28,36.8,3.52,1.3,0.14,0.39,2,2
Jacob Wright,eng ENG,DM,Norwich City,20-155,2005,10.5,0,16,4,25,1.52,0.38,0,0,0,0
Scott Wright,sct SCO,"FW,MF",Birmingham City,28-199,1997,0.1,0,0,0,,0,0,,,0,0
Malick Yalcouye,ci CIV,MF,Swansea City,20-097,2005,7.5,1,5,2,40,0.67,0.27,0.2,0.5,0,0
Jerry Yates,eng ENG,FW,Sheffield Weds,29-105,1996,4.6,0,1,0,0,0.22,0,0,,0,0
Ashley Young,eng ENG,DF,Ipswich Town,40-229,1985,4.5,0,2,0,0,0.45,0,0,,0,0
Willum Þór Willumsson,is ISL,MF,Birmingham City,27-123,1998,4.4,0,6,0,0,1.37,0,0,,0,0
Stefán Þórðarson,is ISL,MF,Preston North End,27-130,1998,5.8,0,8,2,25,1.38,0.34,0,0,0,0